CREATE DATABASE ag_workflow DEFAULT CHARACTER SET utf8mb4 COLLATE utf8mb4_general_ci;
Use ag_workflow;
/*
 Navicat Premium Data Transfer

 Source Server         : ag-admin
 Source Server Type    : MySQL
 Source Server Version : 50718
 Source Host           : localhost
 Source Database       : ag_workflow

 Target Server Type    : MySQL
 Target Server Version : 50718
 File Encoding         : utf-8

 Date: 04/12/2018 20:14:47 PM
*/

SET NAMES utf8;
SET FOREIGN_KEY_CHECKS = 0;

-- ----------------------------
--  Table structure for `ACT_EVT_LOG`
-- ----------------------------
DROP TABLE IF EXISTS `ACT_EVT_LOG`;
CREATE TABLE `ACT_EVT_LOG` (
  `LOG_NR_` bigint(20) NOT NULL AUTO_INCREMENT,
  `TYPE_` varchar(64) COLLATE utf8_bin DEFAULT NULL,
  `PROC_DEF_ID_` varchar(64) COLLATE utf8_bin DEFAULT NULL,
  `PROC_INST_ID_` varchar(64) COLLATE utf8_bin DEFAULT NULL,
  `EXECUTION_ID_` varchar(64) COLLATE utf8_bin DEFAULT NULL,
  `TASK_ID_` varchar(64) COLLATE utf8_bin DEFAULT NULL,
  `TIME_STAMP_` timestamp(3) NOT NULL DEFAULT CURRENT_TIMESTAMP(3) ON UPDATE CURRENT_TIMESTAMP(3),
  `USER_ID_` varchar(255) COLLATE utf8_bin DEFAULT NULL,
  `DATA_` longblob,
  `LOCK_OWNER_` varchar(255) COLLATE utf8_bin DEFAULT NULL,
  `LOCK_TIME_` timestamp(3) NULL DEFAULT NULL,
  `IS_PROCESSED_` tinyint(4) DEFAULT '0',
  PRIMARY KEY (`LOG_NR_`)
) ENGINE=InnoDB DEFAULT CHARSET=utf8 COLLATE=utf8_bin;

-- ----------------------------
--  Table structure for `ACT_GE_BYTEARRAY`
-- ----------------------------
DROP TABLE IF EXISTS `ACT_GE_BYTEARRAY`;
CREATE TABLE `ACT_GE_BYTEARRAY` (
  `ID_` varchar(64) COLLATE utf8_bin NOT NULL,
  `REV_` int(11) DEFAULT NULL,
  `NAME_` varchar(255) COLLATE utf8_bin DEFAULT NULL,
  `DEPLOYMENT_ID_` varchar(64) COLLATE utf8_bin DEFAULT NULL,
  `BYTES_` longblob,
  `GENERATED_` tinyint(4) DEFAULT NULL,
  PRIMARY KEY (`ID_`),
  KEY `ACT_FK_BYTEARR_DEPL` (`DEPLOYMENT_ID_`),
  CONSTRAINT `ACT_FK_BYTEARR_DEPL` FOREIGN KEY (`DEPLOYMENT_ID_`) REFERENCES `ACT_RE_DEPLOYMENT` (`ID_`)
) ENGINE=InnoDB DEFAULT CHARSET=utf8 COLLATE=utf8_bin;

-- ----------------------------
--  Records of `ACT_GE_BYTEARRAY`
-- ----------------------------
BEGIN;
INSERT INTO `ACT_GE_BYTEARRAY` VALUES ('12506', '1', '请假流程.bpmn20.xml', '12505', 0x3c3f786d6c2076657273696f6e3d27312e302720656e636f64696e673d275554462d38273f3e0a3c646566696e6974696f6e7320786d6c6e733d22687474703a2f2f7777772e6f6d672e6f72672f737065632f42504d4e2f32303130303532342f4d4f44454c2220786d6c6e733a7873693d22687474703a2f2f7777772e77332e6f72672f323030312f584d4c536368656d612d696e7374616e63652220786d6c6e733a7873643d22687474703a2f2f7777772e77332e6f72672f323030312f584d4c536368656d612220786d6c6e733a61637469766974693d22687474703a2f2f61637469766974692e6f72672f62706d6e2220786d6c6e733a62706d6e64693d22687474703a2f2f7777772e6f6d672e6f72672f737065632f42504d4e2f32303130303532342f44492220786d6c6e733a6f6d6764633d22687474703a2f2f7777772e6f6d672e6f72672f737065632f44442f32303130303532342f44432220786d6c6e733a6f6d6764693d22687474703a2f2f7777772e6f6d672e6f72672f737065632f44442f32303130303532342f44492220747970654c616e67756167653d22687474703a2f2f7777772e77332e6f72672f323030312f584d4c536368656d61222065787072657373696f6e4c616e67756167653d22687474703a2f2f7777772e77332e6f72672f313939392f585061746822207461726765744e616d6573706163653d22687474703a2f2f7777772e61637469766974692e6f72672f70726f63657373646566223e0a20203c70726f636573732069643d2270726f636573732220697345786563757461626c653d2274727565223e0a202020203c73746172744576656e742069643d227374617274222f3e0a202020203c757365725461736b2069643d226170706c7922206e616d653d22e8afb7e58187e794b3e8afb7222061637469766974693a61737369676e65653d22247b656d706c6f7965657d222f3e0a202020203c73657175656e6365466c6f772069643d227369642d45354631434434332d344341302d344231322d383035362d3035353632413838433739332220736f757263655265663d22737461727422207461726765745265663d226170706c79222f3e0a202020203c757365725461736b2069643d22617070726f766522206e616d653d22e7bb8fe79086e5aea1e689b9222061637469766974693a61737369676e65653d22247b617070726f7665727d222061637469766974693a63616e64696461746547726f7570733d22e983a8e997a8e7bb8fe79086222f3e0a202020203c73657175656e6365466c6f772069643d227369642d39374232393435442d323143302d343041352d384439382d4445414644314145463646362220736f757263655265663d226170706c7922207461726765745265663d22617070726f7665222f3e0a202020203c6578636c7573697665476174657761792069643d22636f6e646974696f6e222f3e0a202020203c73657175656e6365466c6f772069643d227369642d44413638384642352d354336332d343933432d414141412d3134334236303833453035452220736f757263655265663d22617070726f766522207461726765745265663d22636f6e646974696f6e222f3e0a202020203c73657175656e6365466c6f772069643d227369642d43354234304335342d393233442d343830432d414530322d3630463236414145453834332220736f757263655265663d22636f6e646974696f6e22207461726765745265663d226170706c79223e0a2020202020203c636f6e646974696f6e45787072657373696f6e207873693a747970653d2274466f726d616c45787072657373696f6e223e3c215b43444154415b247b61677265653d3d66616c73657d5d5d3e3c2f636f6e646974696f6e45787072657373696f6e3e0a202020203c2f73657175656e6365466c6f773e0a202020203c656e644576656e742069643d2273746f70222f3e0a202020203c73657175656e6365466c6f772069643d227369642d37413637304633362d413531332d343334442d394338302d3142354437373742353932302220736f757263655265663d22636f6e646974696f6e22207461726765745265663d2273746f70223e0a2020202020203c636f6e646974696f6e45787072657373696f6e207873693a747970653d2274466f726d616c45787072657373696f6e223e3c215b43444154415b247b61677265653d3d747275657d5d5d3e3c2f636f6e646974696f6e45787072657373696f6e3e0a202020203c2f73657175656e6365466c6f773e0a20203c2f70726f636573733e0a20203c62706d6e64693a42504d4e4469616772616d2069643d2242504d4e4469616772616d5f70726f63657373223e0a202020203c62706d6e64693a42504d4e506c616e652062706d6e456c656d656e743d2270726f63657373222069643d2242504d4e506c616e655f70726f63657373223e0a2020202020203c62706d6e64693a42504d4e53686170652062706d6e456c656d656e743d227374617274222069643d2242504d4e53686170655f7374617274223e0a20202020202020203c6f6d6764633a426f756e6473206865696768743d2233302e30222077696474683d2233302e302220783d2234352e302220793d2237302e30222f3e0a2020202020203c2f62706d6e64693a42504d4e53686170653e0a2020202020203c62706d6e64693a42504d4e53686170652062706d6e456c656d656e743d226170706c79222069643d2242504d4e53686170655f6170706c79223e0a20202020202020203c6f6d6764633a426f756e6473206865696768743d2238302e30222077696474683d223130302e302220783d223135302e302220793d2234352e30222f3e0a2020202020203c2f62706d6e64693a42504d4e53686170653e0a2020202020203c62706d6e64693a42504d4e53686170652062706d6e456c656d656e743d22617070726f7665222069643d2242504d4e53686170655f617070726f7665223e0a20202020202020203c6f6d6764633a426f756e6473206865696768743d2238302e30222077696474683d223130302e302220783d223331352e302220793d2234352e30222f3e0a2020202020203c2f62706d6e64693a42504d4e53686170653e0a2020202020203c62706d6e64693a42504d4e53686170652062706d6e456c656d656e743d22636f6e646974696f6e222069643d2242504d4e53686170655f636f6e646974696f6e223e0a20202020202020203c6f6d6764633a426f756e6473206865696768743d2234302e30222077696474683d2234302e302220783d223334352e302220793d223138302e30222f3e0a2020202020203c2f62706d6e64693a42504d4e53686170653e0a2020202020203c62706d6e64693a42504d4e53686170652062706d6e456c656d656e743d2273746f70222069643d2242504d4e53686170655f73746f70223e0a20202020202020203c6f6d6764633a426f756e6473206865696768743d2232382e30222077696474683d2232382e302220783d223531302e302220793d223138362e30222f3e0a2020202020203c2f62706d6e64693a42504d4e53686170653e0a2020202020203c62706d6e64693a42504d4e456467652062706d6e456c656d656e743d227369642d44413638384642352d354336332d343933432d414141412d313433423630383345303545222069643d2242504d4e456467655f7369642d44413638384642352d354336332d343933432d414141412d313433423630383345303545223e0a20202020202020203c6f6d6764693a776179706f696e7420783d223336352e31373331363031373331363031372220793d223132352e30222f3e0a20202020202020203c6f6d6764693a776179706f696e7420783d223336352e343133303433343738323630392220793d223138302e3431333034333437383236303837222f3e0a2020202020203c2f62706d6e64693a42504d4e456467653e0a2020202020203c62706d6e64693a42504d4e456467652062706d6e456c656d656e743d227369642d45354631434434332d344341302d344231322d383035362d303535363241383843373933222069643d2242504d4e456467655f7369642d45354631434434332d344341302d344231322d383035362d303535363241383843373933223e0a20202020202020203c6f6d6764693a776179706f696e7420783d2237352e302220793d2238352e30222f3e0a20202020202020203c6f6d6764693a776179706f696e7420783d223135302e302220793d2238352e30222f3e0a2020202020203c2f62706d6e64693a42504d4e456467653e0a2020202020203c62706d6e64693a42504d4e456467652062706d6e456c656d656e743d227369642d37413637304633362d413531332d343334442d394338302d314235443737374235393230222069643d2242504d4e456467655f7369642d37413637304633362d413531332d343334442d394338302d314235443737374235393230223e0a20202020202020203c6f6d6764693a776179706f696e7420783d223338352e302220793d223230302e30222f3e0a20202020202020203c6f6d6764693a776179706f696e7420783d223531302e302220793d223230302e30222f3e0a2020202020203c2f62706d6e64693a42504d4e456467653e0a2020202020203c62706d6e64693a42504d4e456467652062706d6e456c656d656e743d227369642d43354234304335342d393233442d343830432d414530322d363046323641414545383433222069643d2242504d4e456467655f7369642d43354234304335342d393233442d343830432d414530322d363046323641414545383433223e0a20202020202020203c6f6d6764693a776179706f696e7420783d223335332e313331363732353937383634382220793d223139312e3836383332373430323133353234222f3e0a20202020202020203c6f6d6764693a776179706f696e7420783d223235302e302220793d223131392e3839343235393831383733313131222f3e0a2020202020203c2f62706d6e64693a42504d4e456467653e0a2020202020203c62706d6e64693a42504d4e456467652062706d6e456c656d656e743d227369642d39374232393435442d323143302d343041352d384439382d444541464431414546364636222069643d2242504d4e456467655f7369642d39374232393435442d323143302d343041352d384439382d444541464431414546364636223e0a20202020202020203c6f6d6764693a776179706f696e7420783d223235302e302220793d2238352e30222f3e0a20202020202020203c6f6d6764693a776179706f696e7420783d223331352e302220793d2238352e30222f3e0a2020202020203c2f62706d6e64693a42504d4e456467653e0a202020203c2f62706d6e64693a42504d4e506c616e653e0a20203c2f62706d6e64693a42504d4e4469616772616d3e0a3c2f646566696e6974696f6e733e, '0'), ('12507', '1', '请假流程.process.png', '12505', 0x89504e470d0a1a0a0000000d4948445200000224000000e60806000000e54c9ee600001a5e4944415478daeddd0b7454d5bdc7f1a058c527bd3eaa162d165d977badb55ea9b5d62af551b557a2a2c3c9994942a434a915298274512d0d028aca557cdfb65815c4a2d52a8a884240e45d69a950292a0af28840908b8a801475dffd3b9d93753299099924336732f3fdacf55f496626219efcfd9fffecbdcf3e4545000000000000000000000000000000000000000000000000000000000000000000000000000000000000000000000000000000000000000000000000000000000000000000000000000000000000000000000000000000000000000000000000000000000000000000000000000000000000000000000000000000000000000000000000000000000000000000000000f9c818d371f5ead54f2d5ebcf8f359b3669999336712598e9a9a1a3377eedc0f6c949291e4243909a020a9f0cf9b37cfd4d5d599ddbb771321c5962d5bccabafbefa913d115c454e9293e4248082a377a114fe9c3901ecb6ef4e579293e4243909a0e068489cc29b3b618bff1e72929c242701141ccd17537473aaf81b72929c24270150fc53c4271f6e34ab973c6256d48cf4429feb310a36c59f9c242701202bc57ffbb65af3c6cbc3cdb269431b841ed373146d8a3f39494e0240c68bfffa15cf372afc7e6c583195a24df12727c94900c87cf15ff9caed298bbf9ea36853fcc949721200325efcdf98392265f1d773146d8a3f39494e0200c59fe24f4e9293e42480fc2ffeba822155f1d773146d8a3f39494e0240c68bffaa05f7a72cfe7a8ea24df12727c94900c878f1df5abbdcbc31a3baf1d0b87d4ccf51b429fee424390900192ffe8a357f99d8a8f8eb310a36c59f9c242701203bc5ffd34fcdaa85ffdb7868dc3ea6e728da147f72929c04808c167fed7af9f682fb52ced7eb3976c6a4f89393e4240064a6f8db77991b57cd367f7fe9c69485df0fbd46afe59d29c59f9c242701a0cd8affdede81f2ce94e24f4e92930090f1e2df9c77a04dbd33a58853fcc9497212005a5dfc5b5af8fda08853fcc9497212005a5dfc098a3f394990930028fe147f72925c20270150fc098a3f394990930028fe147f72925c2027816c33c61cb07cf9f2aa091326bc7adb6db77d3470e0c03d151515a6a4a4c49496967e71cd35d7ecbee9a69b56df7efbed936cfc3b478ce24ff1272709721268d346e44f7ffad3c451a346ed19346890f9ed6f7f6b162f5e6c6a6b6bcdae5dbb8ce8635d5d9df9eb5fff6a6cc3627efef39f7f71fdf5d7bf575959d99f2348f1a7f89393043909b48a6d3cfa8d1e3dfad3a143877acdc6679f7d669aebf5d75f37c3860dfbacaaaa6a6524123991a349f1a7f89393043909a43b2ad2f1b9e79e9bfdd39ffed44c9d3a35ad4624d14b2fbd64faf5ebb793d1128a3fc59f9c24c84920ad6664ce9c39af5d77dd75e6edb7df366de1bdf7de33b6b9d9d9bf7fff6b39c2147f8a3f39499093c05e696444cd88d684b425fdbccacacaedaeeb96729429fe147f729220278194b46644d3346d3532926ca4a4bcbc7c9b6d4aba73b429fe147f7292202781645335078c1c3972b7d68c64d2b469d376c662b1451c718a3fc59f9c24c849a091679f7df6715d4df3cf7ffed364dacf7ef6b34d4cdd50fc29fee424414e028d4647b4cf882eedcd8665cb96ed669484e24ff1272709721268403bb06a216b6b2eef4d57bf7efd36959494742df463efbaee4c1b6753fc29fee424414ea2e0693bf8871e7ac864d3b871e35eb70dc90d857eecb5f5be422701c771cea4f853fcc949829c44c1d2bd69b41d7c362d5cb8f03d5bf4a6d290fcabf807627ab277a7147f8a3f3949d09020efe946791b376ecc6a43b269d3a63a5be8d6d390342afef5ef4e8327018a3fc59f9c24684890f774d75eff4679d9a27fcf16b95d3424c98b7ff0dda986cd73a5f8efdcb9d37cf2c927499fdbbe7d7be8bf03c53fff73527fff4cff1b9b376f4ef99c6a57b6729d9c44419e14c3d08cc247c4238ce27ff3cd379bd1a3477b9fdf7ffffd5af7637af7ee6dbef18d6f789f2bb4899e9e5fb66c9939f2c823cdaf7ffd6bd3ab572f2feebbef3eeff5fed7efbfff7ea37f433bf8eebbefbedea679adfd1db219e4643839b969d32673d451479977df7dd7cc9831c3442291063179f264ef750b172e34f7dc734f83f0f330181f7cf08177e7f2a79e7aaa3eb4fdc1a1871e6afef8c73f3678dc6f525e7cf14573d24927799f9f78e289de715093644ba979e79d77684880d6e8dbb7ef17d91e21b1ff036f6284a4c977a34becbbd04b7bf6ecd931ace1f13ffff9cfe62b5ff98ab9e38e3bbc4663c89021e6bcf3ce33ddba75f33ebfe1861bcc8a152bbcd70e1830c09c7efae926168b99cb2ebbcc1417179baaaa2a3361c204a305d32ad66bd6acf15efbc20b2f784d86e257bffa95f7dc2f7ef18bfac7f47c4b7e078a7ffee7e49d77de697ef0831f789f2f5dbad48c1d3bd60be541870e1dcc134f3ce13df7873ffcc19c75d659a653a74ee68a2bae30575f7db5d78028cf8e3df658f3f8e38f7b79a72659ff1d7addf9e79f9f32f6db6f3fb360c102b375eb56f3f0c30f9bae5dbb7a4df4f1c71f6f5e7ef9651a12a0ad5c77dd75bbb3bd86c41682b7584392b4f83728fa61cfd76bf441b971f7dd779baf7ffdebe688238e30071e78a0f7f9b7bffd6def351f7ef8a1e9dcb9b3b9f1c61bbd86a47ffffede09400d897e6f15ec604352595969bef9cd6f7aaf2b2f2ff79e8b46a3ded77a5ccfa7fb3b50fc0b2327bb77ef6e6a6a6accb5d75eeb35087a4c4dc5c9279f6c2eb8e08206afd5aed3c71d779cf7f9c08103cd77bef31d6f14e5f0c30ff71a13bf21993b77ae39fbecb3ebbfefa38f3ef2463e366cd850ffd839e79c63fef6b7bf99f1e3c77b237afaded34e3bad5143327dfa74dd48b4c9291f721268c2f0e1c35765fb2a1bfb3ff18b5c65d3a0f82f725df7f2c4a21f56f11f356a9477b2ffdef7bee7bd13bdf2ca2bbdf8d6b7be658e39e698faaf35faa122ad62acef5143a2118d534e39c59b6e51d1d6f728fc02af8643457bfdfaf5e68d37def0bef7b5d75ef3bed6e37e4392ceef40f1cfff9c549e1d72c821a6b4b4d49b1ed454cb830f3ee8351dca37351a4f3ef964fd7aa649932679a3216a3ad4907cfffbdf37656565def78e1c39b2be21d1ebd5541c7cf0c1f5a1e70e3ae8a0faaf35d2e7ff1ec1291b3524fa79faf9fa1ebd5639ec37dfe42490a6b163c73e94ed7d48aaababa7b10f8957fc93befb0cbbf8ab41b8f7de7bcdfefbefef8d4e680e5e9be705432322cb972f373ff9c94fbc3977bf211934689079f3cd37cda2458bea87d415ab57afae6f480e38e000f3e52f7fd91b595121d7477dadc7fd86249ddf81e29fff39a9910c4df1a92979e08107bca64953775aeba1e79f7efa69efb9679e79c65b4ba2bc52e831350c175d7491f7f1e8a38f36bffbddef1a34246a324e38e1046f1a66e5ca95de737a93a6afcf3cf3cc064daf5eab11144d15aa21d134927250df13462ed29020afd8ffc9bb0d1830e0f32ceed4ba2b1a8dbecb4eadcd17c6f0f83ffef10faf19d0e73a11e85da1ffeef9dc73cff51696fa532a5a68ea3724fa1e35285a1cd8b16347ef5da9de6dce9f3fbfbe21193c7870fda25615727f51ab1e0f4ed934f777a0f817464e6a64c3364a5eb3aa45ad77dd7597b778da0f8dcae9759f7efaa99932658ae9d2a58bd9b1638779f4d147bd9cd1d48b72d3cf21ad09f19b0cad4151f3121c21d1d79aa2f11b122d96d51a293d6f9b36d6900099604f04ef64eb5e36f67fe049b618cce3a8b78f86440b9ed50c6868da9f7ed13bd36033106c4874d2f01fffe10f7fe83dae779f3a49f80d8986d97562d130ba0ab91620ea6b3d9eac2169ceef40f1cfef9cd4bfa7c5a5871d769839f5d453bde9991ffde847e68c33cef046d6f4b9a67312d790a84978e59557bc291c35bc9aeed3e70a8dbcf90d89d62469c4442379ca494d13ea6be5a6df9068fd8a1a12e59e3f65434302b4b11ffff8c791214386ecc9c228c9b66834ba94bbfdb68f8644270015fa9b6ebac97cf7bbdf3563c68cf1428b56533524fa1e2d3ad5950eba22619f7df6a9bf7457a139765d85a32b1dfca173bdbbd5d7362fbc2b265af23b50fcf33b27b52ee3b1c71e336bd7aef59a0d7f4d92aecafaea57bfdae0b59a2e542e2af7d43c5457577b8b5ed5c86ae4439f2bb486c96f48fc299e64913865135c4392d890fcf297bff42e1326278156a8aaaa5aaeffd13349eb55343ab2b7f96984df904c9b36cd2bb2ba5a466b3582cd80de89a66a48d450e8e4a1f9744dabe867a8a1d01e12c9f621094ed9b4e677a0f8e7774e6ac442a367baca4a8ba5350da3b522c3860df316b4ea73c55b6fbde57dd41a23fd8edbb66df33e2a347aa75113ff6bff9271eda3a386571beef939b96ad52aef6b5ddde55fd1a3913a35da6a48d6ad5be74deff4e9d3c7dc7aebaddef7682446a37e13274e242781d6d09a8e7efdfaedd49a804cb027a8e7ecbfb1d1be0beeced1cefd8644c55a1b8ff9eb37aeb9e61aeff3e79f7fde9b5bb7b9d2e4948d2ea5d43cbb7e8e1a12fd8c741b92747e078a7f7ee7a44629aebffe7aaf31d1d7fadbf7e8d1a351248e4ee86a1c8d92248be1c38737fa77d4c0a4ca492d9cd55a138dce6991adf623d11e3c6a582ebcf042effbbef6b5af79a338e424d04af65d67ccbe1bdda113455bdab061c3fc6834ba96a99af6d390044373edfe10b986a713473b34efaec2af42eccfcb6fd9b2a5fe79ad1fd1fe0e893f578febe7ea9d676b7f078a7f61e564a64239a945b3c96e4fb0b7bc538efb6ba5c849a00dd877b9fd2a2b2bb7b7d548894646d48cd877cbc338ba147f6e64464e12e424d06cb67928292d2dfd68ca94299fb462a1ebb63befbcf3114dd3d8a8e0a852fc29fee424414e0269d39a9268343aabaaaa6ad3d2a54b77a6b3cfc88c193326db86668916b0b26684e24ff12727097212688bc6e42a352615151575b7dd76db8af9f3e7afadadaddde8df904f37cad3bd696a6a6a5e183162c4f4582cb65a8d884645b89a86e24ff127270972126853b6d1e8e2baee20db683c65638deed61bdff1501fd7ebde34da0e9e1d5829fe147f729220270150fc098a3f39494e0200c59fe24f4e12e424008a3f41f12727c94900a0f853fcc949829c0440f12728fee424390900147f8a3f394990930028fe04c59f9c24270180e24ff1272709721200c59fa0f89393e4240050fc29fee424414e02a0f813147f72929c04008a3fc59f9c24c84900147f82e24f4e92930040f1a7f8939304390980e24f50fcc94972120028fe147f729220270150fc098a3f39494e0200c59fe24f4e12e424008a3f91e1983e7d3a0d093949430280e24f84171f7ffcb1292b2b33252525ef388ef3acfd38ca75ddcb6d74b771043949d09000a0f8135989f1e3c7ab21f9c28649121b6d4cb7f1886d50069193040d0980bc316bd62c8a6eeec42e5bfcf7d86663428a86241815e42491ad9ca45202c8b8b973e76eacababa3f0e640d4d6d63e618bff4a4dd1d886635713cdc8a29e3d7b762427896ce524951240c6cd9e3dfbb23973e67cb879f3e69d14e0f0de85aaf0d7d4d4acb57195fe2eb6291993a219d9ae86859c24b29d93009071b6e05c6adf052dd1d0ace68b89ac878efbca60e1afa8a8e86c9b8f2d890d896d465ea8acacdc8f9cccfdd0df2b9f72120050a06cf3d13fa11999613fbe60e32ff93e4a920ff437e3280000da3dad13b127b535f186644b2412393a7ea2abb45167e35a8e120d090000d938a95da5139be33825c1c7a3d1e849f6f1c5ba0cb8b4b4f4188e140d090000993eb18d4876554d7c04a5dac626d775afe448d1900000109a68347a863df9bdad0dd38a8b8b0fe188d0900000108ab2b2b2831cc7f98d3d09ae765df76c8e080d090000619e04ffdbc6fbdac7a4102e0fa6210100204745229123edc9708a8da5f6f3ffe488d0900000109af83e26ba3c78a0fdb20347848604008050388ed3cd9e1817dad0a66ac772446848000008452412d9d79e1c87ebf260dba044382234240000847982ece1baee9bf6e3c4582c762847848604008050f4ead5eb40c7711ed096f47dfaf43987234243020040686c5372893d61d6da8fb74722912f7144684800000885ebba47d893e633365eb79f9fcc11a121010020348ee35cadcb836d5332a888cb8369480000084b241239c19e40e7dba889c5625d38223424000084d594e8f2e01b6d6cb6e1704468480000088de338ff654fa62b5dd79d649b94c338223424000084c236229dec09f53e1b6b6df4e488d0900000109a68347a913db16e701ce77f2eb9e492fd39223424000084a2bcbcfc70db903c6d4fb0cb62b1d8291c111a12000042e3ba6edff8e5c1438ab83c9886040080104fb25d6dccb54dc96cfbf1388e080d090000a1183162c43e8ee30c8b5f1e1ce588d090000010e609f734d77557d8985c5151d199234243020040286c2372806d48eeb627df7536cee788d0900000101adb945c684fc0eb6ddcc5e5c13424000084261289fc9b3d093f69e3ef8ee39c4a434243020040685cd72dd5e5c1b62919aa05b03424000020149148e4787b429ea3d0e7342400002014f1cb8387c637532ba521010000a1d17a12ad2bd1fa12ad33a121010000a1d09537ba024757e2e88a1c1a120000101adb8c9c17dfb3e41eed61424302000042a15d5db5bbab7679d56eaf3424000020cc137654f7c3d17d71f2f1f2601a120000dacf49fbb8f89d83e7ea4ec234240000202c1d6c5332247e79705f1a120000109a582c768a3d892f731ce7e9f2f2f2c3694800004028e297078fb5b1211a8d5e4443020000c23c99f7b4f19e8dfb229148271a120000100adb881ce6baee247b625f198d464fa721010000619ed81d5d1e6ce346dba4ec4b4302000042118bc5bad8137c8d8df9b6293921079b8fa96a40f6124bf84b0200d0fee9f2e041ba3cd8719cab73ac21e961634f530d89fd9d2fe54f0800409eb04dc9c9f604ffba8d67ece747e4505332bd89866451cf9e3d3bf2d70300208f4422912f398e73bb3dd1d7da8f97e44843d2235543621ba7cbf9ab010090a7faf4e9738e3de1afb1f160af5ebd0ecc81a624d95a92258c8e000090e762b1d8a1f6a43fd175dd37354a117243d2682d096b4700002820f6c41fb10dc0261bc3c3bc3cd8fe1ecf323a02004001b30dc0b1365eb6b1d03606dd426a48ce0cac1db998bf0a000085a9836d0606c6ef1edc3fa4c6c85b4bc2e808000005ce719cffb04dc1521bcf45229123b3dc90f4e8ddbb373bb5020080a2a2cacacafd6c7370ab8df7b3bcb854533526fe110000c0db4ced6cdb94acb64dc96fcacaca0ecaf03f77818d6d36c6c53f72950d0000f897e2e2e2436c53f2888db7a3d1e819196e46fc264423245b684a000040038ee3f48e5f1e5cddc68b4e139b91bd3d0e00000a596969e931f17bcf2c8e46a327b5c18fbc782f4d87ff3c6b4a00004043b621b9569707dba86c8366646fcd0623256873b158ac8be338036c0e3f6563958dedf17d7076e9b60af18dfa6ed0eb385a0090c35cd7ed6e0bf65fb477485959d951697efb0545e98d7ca4fb7a2055de5e6e63a68ddd4ddc653a315eb1af2fe5e801408ed2e5c1b6508fd6e5c1368ad36c2ed21df1d0f76da729414bd8fcec6a73f5a5349a9064312f12899cc8d10480dc2df667d978d7719cf17bb93cb8b5d32f4cdf206d362f4ba2d1e8ff059b8b582c66c68c196366cf9e6dd6ad5b673efef863233b76ec30b5b5b566c1820566dcb871c6e6736253b29dd11200c861f69de3c1b658ff5ef3f1ba2f4d9297ec6d016b73b5d5cf4161342397da06e2b360233269d224535757679a63dbb66ddeebf57dc1c624acdb2b00009a4973f4b6606fb431327079705b5f2dc348099ad38c94049b91c183077ba3212da1ef1b3a74686253c2480900e4b2482472b43d194cb345fbb56eddba552434231d6cf48d7f4c47e2f7b1d0152969cd48709aa6bababa7e5aa6a5349d73cb2db7244edf74e76803408e3bf7dc73ef292e2efebc53a74e57069a8adf17fdeb7e35bf4fa32949f57d342548ca362335c19191d63623c1a62461a4641e471b00729bd72c049a91a2f808870944739a926033e24779e079d694a081f8b461fd9a91964ed334357d135c53c2d40d00e4ae544d42b2e6a2a9a624d9eb1f4af27ad69420d890ccf49b052d48cd84c99327334a0200eda419b9388d26235953d2dc6624b12961fa268f1b0ddd81baa9d76867557f21ab4631b66edd9a91864457df245c12dc95bf1000e48ee636057b6b4ad26d4682ff3e7709ce5381299299292e2d2f8a6f07efbdee8e3bee3099a47d4a020dc90dfc850020b79a91e63603a99a927d5ad88c248ed0d094e469431288e9892326f17bd378cfcf993327a30d89364f0bfc2e53f90b0140fb6b469a6a4ade6a4533d2dadf07edab21a91f31f11b93f88df2bcc7db7a316b22ede81af83dd6f317028070b57644225953d29a6624b129614d499e3724c111131b3bfdafdbea52dfa62e010efcdbbbf80b0140783ac71b8771adfc39fb241919792bfe786b8c6be5cdd488761cd910fcf7280700901b23242d1d89686a84249dcdd3182129dc119225ba678d6e55a0dd5319210180c2a593fff6a2ccac21694953c21a92c26848ea1b91c06b584302003425698d48a4bab437d95536e934255c6593ff0dc922edc61a6c4402afe12a1b0040b34726f6b6cf48ba3bbafa7a14b10f493e37248d464412b10f0900a0b92314cdddf42cdda6c49f36ba9c3f41e1d24eadb639d8938d9d5a4b4b4bbf60a75600689f2325e9eec0dadca6c4fff76846c0bd6c00008d464a12a74ffa16a5bfcf0877fb45ba0d49c6eff61b8d46bfe06ebf00d0be9a92e042d7607391cea667a9be8f4b7b91946d145ef11b86c18307b7d925c0bad477c890219f0547479a5ad30200c81d89d3371de2231ce95eca9bf87dadddff04f9dd9074b5b1c56f1caaabab5bdd94a819b9e5965b82eb46b6bbaedb9da30d00edb72969ad64d34140038ee394f80b5cfd9192964edfe8fb12464698aa0180026f4ad8f40ccd661b878a6053a235255ae8aaab649a7b358d16b006d78c286cb3338ca30b00ed576ba75998a641da345262635bb0a15063a27d4ab4799a463ffce91c4dcb6807566d7a76efbdf79abe7dfb7e9eb03bacb6a6afe0a80240fe3425e98e70b080152da63525c1cb815b18f358330200f925dd6917a669d0568dc955f1c6644f3a8d884645b89a06000abb29d176f0ecc08a36a51d5d6d6332287eef9b35ba5baf7fd75edd284ff7a6d176f0ecc00a0085e1e278b3717113cf6fa11901000099966aa484691a0000106a534233020000426d4ac6d18c0000803069cd8829e2d25e000010b2ce1c0200000000000000000000000000000000000000000000000000403efa7fa8de7d5d6d1daabb0000000049454e44ae426082, '1'), ('12519', '1', '请假流程.bpmn20.xml', '12518', 0x3c3f786d6c2076657273696f6e3d27312e302720656e636f64696e673d275554462d38273f3e0a3c646566696e6974696f6e7320786d6c6e733d22687474703a2f2f7777772e6f6d672e6f72672f737065632f42504d4e2f32303130303532342f4d4f44454c2220786d6c6e733a7873693d22687474703a2f2f7777772e77332e6f72672f323030312f584d4c536368656d612d696e7374616e63652220786d6c6e733a7873643d22687474703a2f2f7777772e77332e6f72672f323030312f584d4c536368656d612220786d6c6e733a61637469766974693d22687474703a2f2f61637469766974692e6f72672f62706d6e2220786d6c6e733a62706d6e64693d22687474703a2f2f7777772e6f6d672e6f72672f737065632f42504d4e2f32303130303532342f44492220786d6c6e733a6f6d6764633d22687474703a2f2f7777772e6f6d672e6f72672f737065632f44442f32303130303532342f44432220786d6c6e733a6f6d6764693d22687474703a2f2f7777772e6f6d672e6f72672f737065632f44442f32303130303532342f44492220747970654c616e67756167653d22687474703a2f2f7777772e77332e6f72672f323030312f584d4c536368656d61222065787072657373696f6e4c616e67756167653d22687474703a2f2f7777772e77332e6f72672f313939392f585061746822207461726765744e616d6573706163653d22687474703a2f2f7777772e61637469766974692e6f72672f70726f63657373646566223e0a20203c70726f636573732069643d2270726f636573732220697345786563757461626c653d2274727565223e0a202020203c73746172744576656e742069643d227374617274222f3e0a202020203c757365725461736b2069643d226170706c7922206e616d653d22e8afb7e58187e794b3e8afb7222061637469766974693a61737369676e65653d22247b656d706c6f7965657d222f3e0a202020203c73657175656e6365466c6f772069643d227369642d45354631434434332d344341302d344231322d383035362d3035353632413838433739332220736f757263655265663d22737461727422207461726765745265663d226170706c79222f3e0a202020203c757365725461736b2069643d22617070726f766522206e616d653d22e7bb8fe79086e5aea1e689b9222061637469766974693a63616e64696461746547726f7570733d22e983a8e997a8e7bb8fe79086222f3e0a202020203c73657175656e6365466c6f772069643d227369642d39374232393435442d323143302d343041352d384439382d4445414644314145463646362220736f757263655265663d226170706c7922207461726765745265663d22617070726f7665222f3e0a202020203c6578636c7573697665476174657761792069643d22636f6e646974696f6e222f3e0a202020203c73657175656e6365466c6f772069643d227369642d44413638384642352d354336332d343933432d414141412d3134334236303833453035452220736f757263655265663d22617070726f766522207461726765745265663d22636f6e646974696f6e222f3e0a202020203c73657175656e6365466c6f772069643d227369642d43354234304335342d393233442d343830432d414530322d3630463236414145453834332220736f757263655265663d22636f6e646974696f6e22207461726765745265663d226170706c79223e0a2020202020203c636f6e646974696f6e45787072657373696f6e207873693a747970653d2274466f726d616c45787072657373696f6e223e3c215b43444154415b247b61677265653d3d66616c73657d5d5d3e3c2f636f6e646974696f6e45787072657373696f6e3e0a202020203c2f73657175656e6365466c6f773e0a202020203c656e644576656e742069643d2273746f70222f3e0a202020203c73657175656e6365466c6f772069643d227369642d37413637304633362d413531332d343334442d394338302d3142354437373742353932302220736f757263655265663d22636f6e646974696f6e22207461726765745265663d2273746f70223e0a2020202020203c636f6e646974696f6e45787072657373696f6e207873693a747970653d2274466f726d616c45787072657373696f6e223e3c215b43444154415b247b61677265653d3d747275657d5d5d3e3c2f636f6e646974696f6e45787072657373696f6e3e0a202020203c2f73657175656e6365466c6f773e0a20203c2f70726f636573733e0a20203c62706d6e64693a42504d4e4469616772616d2069643d2242504d4e4469616772616d5f70726f63657373223e0a202020203c62706d6e64693a42504d4e506c616e652062706d6e456c656d656e743d2270726f63657373222069643d2242504d4e506c616e655f70726f63657373223e0a2020202020203c62706d6e64693a42504d4e53686170652062706d6e456c656d656e743d227374617274222069643d2242504d4e53686170655f7374617274223e0a20202020202020203c6f6d6764633a426f756e6473206865696768743d2233302e30222077696474683d2233302e302220783d2234352e302220793d2237302e30222f3e0a2020202020203c2f62706d6e64693a42504d4e53686170653e0a2020202020203c62706d6e64693a42504d4e53686170652062706d6e456c656d656e743d226170706c79222069643d2242504d4e53686170655f6170706c79223e0a20202020202020203c6f6d6764633a426f756e6473206865696768743d2238302e30222077696474683d223130302e302220783d223135302e302220793d2234352e30222f3e0a2020202020203c2f62706d6e64693a42504d4e53686170653e0a2020202020203c62706d6e64693a42504d4e53686170652062706d6e456c656d656e743d22617070726f7665222069643d2242504d4e53686170655f617070726f7665223e0a20202020202020203c6f6d6764633a426f756e6473206865696768743d2238302e30222077696474683d223130302e302220783d223331352e302220793d2234352e30222f3e0a2020202020203c2f62706d6e64693a42504d4e53686170653e0a2020202020203c62706d6e64693a42504d4e53686170652062706d6e456c656d656e743d22636f6e646974696f6e222069643d2242504d4e53686170655f636f6e646974696f6e223e0a20202020202020203c6f6d6764633a426f756e6473206865696768743d2234302e30222077696474683d2234302e302220783d223334352e302220793d223138302e30222f3e0a2020202020203c2f62706d6e64693a42504d4e53686170653e0a2020202020203c62706d6e64693a42504d4e53686170652062706d6e456c656d656e743d2273746f70222069643d2242504d4e53686170655f73746f70223e0a20202020202020203c6f6d6764633a426f756e6473206865696768743d2232382e30222077696474683d2232382e302220783d223531302e302220793d223138362e30222f3e0a2020202020203c2f62706d6e64693a42504d4e53686170653e0a2020202020203c62706d6e64693a42504d4e456467652062706d6e456c656d656e743d227369642d44413638384642352d354336332d343933432d414141412d313433423630383345303545222069643d2242504d4e456467655f7369642d44413638384642352d354336332d343933432d414141412d313433423630383345303545223e0a20202020202020203c6f6d6764693a776179706f696e7420783d223336352e31373331363031373331363031372220793d223132352e30222f3e0a20202020202020203c6f6d6764693a776179706f696e7420783d223336352e343133303433343738323630392220793d223138302e3431333034333437383236303837222f3e0a2020202020203c2f62706d6e64693a42504d4e456467653e0a2020202020203c62706d6e64693a42504d4e456467652062706d6e456c656d656e743d227369642d45354631434434332d344341302d344231322d383035362d303535363241383843373933222069643d2242504d4e456467655f7369642d45354631434434332d344341302d344231322d383035362d303535363241383843373933223e0a20202020202020203c6f6d6764693a776179706f696e7420783d2237352e302220793d2238352e30222f3e0a20202020202020203c6f6d6764693a776179706f696e7420783d223135302e302220793d2238352e30222f3e0a2020202020203c2f62706d6e64693a42504d4e456467653e0a2020202020203c62706d6e64693a42504d4e456467652062706d6e456c656d656e743d227369642d37413637304633362d413531332d343334442d394338302d314235443737374235393230222069643d2242504d4e456467655f7369642d37413637304633362d413531332d343334442d394338302d314235443737374235393230223e0a20202020202020203c6f6d6764693a776179706f696e7420783d223338352e302220793d223230302e30222f3e0a20202020202020203c6f6d6764693a776179706f696e7420783d223531302e302220793d223230302e30222f3e0a2020202020203c2f62706d6e64693a42504d4e456467653e0a2020202020203c62706d6e64693a42504d4e456467652062706d6e456c656d656e743d227369642d43354234304335342d393233442d343830432d414530322d363046323641414545383433222069643d2242504d4e456467655f7369642d43354234304335342d393233442d343830432d414530322d363046323641414545383433223e0a20202020202020203c6f6d6764693a776179706f696e7420783d223335332e313331363732353937383634382220793d223139312e3836383332373430323133353234222f3e0a20202020202020203c6f6d6764693a776179706f696e7420783d223235302e302220793d223131392e3839343235393831383733313131222f3e0a2020202020203c2f62706d6e64693a42504d4e456467653e0a2020202020203c62706d6e64693a42504d4e456467652062706d6e456c656d656e743d227369642d39374232393435442d323143302d343041352d384439382d444541464431414546364636222069643d2242504d4e456467655f7369642d39374232393435442d323143302d343041352d384439382d444541464431414546364636223e0a20202020202020203c6f6d6764693a776179706f696e7420783d223235302e302220793d2238352e30222f3e0a20202020202020203c6f6d6764693a776179706f696e7420783d223331352e302220793d2238352e30222f3e0a2020202020203c2f62706d6e64693a42504d4e456467653e0a202020203c2f62706d6e64693a42504d4e506c616e653e0a20203c2f62706d6e64693a42504d4e4469616772616d3e0a3c2f646566696e6974696f6e733e, '0'), ('12520', '1', '请假流程.process.png', '12518', 0x89504e470d0a1a0a0000000d4948445200000224000000e60806000000e54c9ee600001a5e4944415478daeddd0b7454d5bdc7f1a058c527bd3eaa162d165d977badb55ea9b5d62af551b557a2a2c3c9994942a434a915298274512d0d028aca557cdfb65815c4a2d52a8a884240e45d69a950292a0af28840908b8a801475dffd3b9d93753299099924336732f3fdacf55f496626219efcfd9fffecbdcf3e4545000000000000000000000000000000000000000000000000000000000000000000000000000000000000000000000000000000000000000000000000000000000000000000000000000000000000000000000000000000000000000000000000000000000000000000000000000000000000000000000000000000000000000000000000000000000000000000000000f9c818d371f5ead54f2d5ebcf8f359b3669999336712598e9a9a1a3377eedc0f6c949291e4243909a020a9f0cf9b37cfd4d5d599ddbb771321c5962d5bccabafbefa913d115c454e9293e4248082a377a114fe9c3901ecb6ef4e579293e4243909a0e068489cc29b3b618bff1e72929c242701141ccd17537473aaf81b72929c24270150fc53c4271f6e34ab973c6256d48cf4429feb310a36c59f9c242701202bc57ffbb65af3c6cbc3cdb269431b841ed373146d8a3f39494e0240c68bfffa15cf372afc7e6c583195a24df12727c94900c87cf15ff9caed298bbf9ea36853fcc949721200325efcdf98392265f1d773146d8a3f39494e0200c59fe24f4e9293e42480fc2ffeba822155f1d773146d8a3f39494e0240c68bffaa05f7a72cfe7a8ea24df12727c94900c878f1df5abbdcbc31a3baf1d0b87d4ccf51b429fee424390900192ffe8a357f99d8a8f8eb310a36c59f9c242701203bc5ffd34fcdaa85ffdb7868dc3ea6e728da147f72929c04808c167fed7af9f682fb52ced7eb3976c6a4f89393e4240064a6f8db77991b57cd367f7fe9c69485df0fbd46afe59d29c59f9c242701a0cd8affdede81f2ce94e24f4e92930090f1e2df9c77a04dbd33a58853fcc9497212005a5dfc5b5af8fda08853fcc9497212005a5dfc098a3f394990930028fe147f72925c20270150fc098a3f394990930028fe147f72925c2027816c33c61cb07cf9f2aa091326bc7adb6db77d3470e0c03d151515a6a4a4c49496967e71cd35d7ecbee9a69b56df7efbed936cfc3b478ce24ff1272709721268d346e44f7ffad3c451a346ed19346890f9ed6f7f6b162f5e6c6a6b6bcdae5dbb8ce8635d5d9df9eb5fff6a6cc3627efef39f7f71fdf5d7bf575959d99f2348f1a7f89393043909b48a6d3cfa8d1e3dfad3a143877acdc6679f7d669aebf5d75f37c3860dfbacaaaa6a6524123991a349f1a7f89393043909a43b2ad2f1b9e79e9bfdd39ffed44c9d3a35ad4624d14b2fbd64faf5ebb793d1128a3fc59f9c24c84920ad6664ce9c39af5d77dd75e6edb7df366de1bdf7de33b6b9d9d9bf7fff6b39c2147f8a3f39499093c05e696444cd88d684b425fdbccacacaedaeeb96729429fe147f729220278194b46644d3346d3532926ca4a4bcbc7c9b6d4aba73b429fe147f7292202781645335078c1c3972b7d68c64d2b469d376c662b1451c718a3fc59f9c24c849a091679f7df6715d4df3cf7ffed364dacf7ef6b34d4cdd50fc29fee424414e028d4647b4cf882eedcd8665cb96ed669484e24ff1272709721268403bb06a216b6b2eef4d57bf7efd36959494742df463efbaee4c1b6753fc29fee424414ea2e0693bf8871e7ac864d3b871e35eb70dc90d857eecb5f5be422701c771cea4f853fcc949829c44c1d2bd69b41d7c362d5cb8f03d5bf4a6d290fcabf807627ab277a7147f8a3f3949d09020efe946791b376ecc6a43b269d3a63a5be8d6d390342afef5ef4e8327018a3fc59f9c24684890f774d75eff4679d9a27fcf16b95d3424c98b7ff0dda986cd73a5f8efdcb9d37cf2c927499fdbbe7d7be8bf03c53fff73527fff4cff1b9b376f4ef99c6a57b6729d9c44419e14c3d08cc247c4238ce27ff3cd379bd1a3477b9fdf7ffffd5af7637af7ee6dbef18d6f789f2bb4899e9e5fb66c9939f2c823cdaf7ffd6bd3ab572f2feebbef3eeff5fed7efbfff7ea37f433bf8eebbefbedea679adfd1db219e4643839b969d32673d451479977df7dd7cc9831c3442291063179f264ef750b172e34f7dc734f83f0f330181f7cf08177e7f2a79e7aaa3eb4fdc1a1871e6afef8c73f3678dc6f525e7cf14573d24927799f9f78e289de715093644ba979e79d77684880d6e8dbb7ef17d91e21b1ff036f6284a4c977a34becbbd04b7bf6ecd931ace1f13ffff9cfe62b5ff98ab9e38e3bbc4663c89021e6bcf3ce33ddba75f33ebfe1861bcc8a152bbcd70e1830c09c7efae926168b99cb2ebbcc1417179baaaa2a3361c204a305d32ad66bd6acf15efbc20b2f784d86e257bffa95f7dc2f7ef18bfac7f47c4b7e078a7ffee7e49d77de697ef0831f789f2f5dbad48c1d3bd60be541870e1dcc134f3ce13df7873ffcc19c75d659a653a74ee68a2bae30575f7db5d78028cf8e3df658f3f8e38f7b79a72659ff1d7addf9e79f9f32f6db6f3fb360c102b375eb56f3f0c30f9bae5dbb7a4df4f1c71f6f5e7ef9651a12a0ad5c77dd75bbb3bd86c41682b7584392b4f83728fa61cfd76bf441b971f7dd779baf7ffdebe688238e30071e78a0f7f9b7bffd6def351f7ef8a1e9dcb9b3b9f1c61bbd86a47ffffede09400d897e6f15ec604352595969bef9cd6f7aaf2b2f2ff79e8b46a3ded77a5ccfa7fb3b50fc0b2327bb77ef6e6a6a6accb5d75eeb35087a4c4dc5c9279f6c2eb8e08206afd5aed3c71d779cf7f9c08103cd77bef31d6f14e5f0c30ff71a13bf21993b77ae39fbecb3ebbfefa38f3ef2463e366cd850ffd839e79c63fef6b7bf99f1e3c77b237afaded34e3bad5143327dfa74dd48b4c9291f721268c2f0e1c35765fb2a1bfb3ff18b5c65d3a0f82f725df7f2c4a21f56f11f356a9477b2ffdef7bee7bd13bdf2ca2bbdf8d6b7be658e39e698faaf35faa122ad62acef5143a2118d534e39c59b6e51d1d6f728fc02af8643457bfdfaf5e68d37def0bef7b5d75ef3bed6e37e4392ceef40f1cfff9c549e1d72c821a6b4b4d49b1ed454cb830f3ee8351dca37351a4f3ef964fd7aa649932679a3216a3ad4907cfffbdf37656565def78e1c39b2be21d1ebd5541c7cf0c1f5a1e70e3ae8a0faaf35d2e7ff1ec1291b3524fa79faf9fa1ebd5639ec37dfe42490a6b163c73e94ed7d48aaababa7b10f8957fc93befb0cbbf8ab41b8f7de7bcdfefbefef8d4e680e5e9be705432322cb972f373ff9c94fbc3977bf211934689079f3cd37cda2458bea87d415ab57afae6f480e38e000f3e52f7fd91b595121d7477dadc7fd86249ddf81e29fff39a9910c4df1a92979e08107bca64953775aeba1e79f7efa69efb9679e79c65b4ba2bc52e831350c175d7491f7f1e8a38f36bffbddef1a34246a324e38e1046f1a66e5ca95de737a93a6afcf3cf3cc064daf5eab11144d15aa21d134927250df13462ed29020afd8ffc9bb0d1830e0f32ceed4ba2b1a8dbecb4eadcd17c6f0f83ffef10faf19d0e73a11e85da1ffeef9dc73cff51696fa532a5a68ea3724fa1e35285a1cd8b16347ef5da9de6dce9f3fbfbe21193c7870fda25615727f51ab1e0f4ed934f777a0f817464e6a64c3364a5eb3aa45ad77dd7597b778da0f8dcae9759f7efaa99932658ae9d2a58bd9b1638779f4d147bd9cd1d48b72d3cf21ad09f19b0cad4151f3121c21d1d79aa2f11b122d96d51a293d6f9b36d6900099604f04ef64eb5e36f67fe049b618cce3a8b78f86440b9ed50c6868da9f7ed13bd36033106c4874d2f01fffe10f7fe83dae779f3a49f80d8986d97562d130ba0ab91620ea6b3d9eac2169ceef40f1cfef9cd4bfa7c5a5871d769839f5d453bde9991ffde847e68c33cef046d6f4b9a67312d790a84978e59557bc291c35bc9aeed3e70a8dbcf90d89d62469c4442379ca494d13ea6be5a6df9068fd8a1a12e59e3f65434302b4b11ffff8c791214386ecc9c228c9b66834ba94bbfdb68f8644270015fa9b6ebac97cf7bbdf3563c68cf1428b56533524fa1e2d3ad5950eba22619f7df6a9bf7457a139765d85a32b1dfca173bdbbd5d7362fbc2b265af23b50fcf33b27b52ee3b1c71e336bd7aef59a0d7f4d92aecafaea57bfdae0b59a2e542e2af7d43c5457577b8b5ed5c86ae4439f2bb486c96f48fc299e64913865135c4392d890fcf297bff42e1326278156a8aaaa5aaeffd13349eb55343ab2b7f96984df904c9b36cd2bb2ba5a466b3582cd80de89a66a48d450e8e4a1f9744dabe867a8a1d01e12c9f621094ed9b4e677a0f8e7774e6ac442a367baca4a8ba5350da3b522c3860df316b4ea73c55b6fbde57dd41a23fd8edbb66df33e2a347aa75113ff6bff9271eda3a386571beef939b96ad52aef6b5ddde55fd1a3913a35da6a48d6ad5be74deff4e9d3c7dc7aebaddef7682446a37e13274e242781d6d09a8e7efdfaedd49a804cb027a8e7ecbfb1d1be0beeced1cefd8644c55a1b8ff9eb37aeb9e61aeff3e79f7fde9b5bb7b9d2e4948d2ea5d43cbb7e8e1a12fd8c741b92747e078a7f7ee7a44629aebffe7aaf31d1d7fadbf7e8d1a351248e4ee86a1c8d92248be1c38737fa77d4c0a4ca492d9cd55a138dce6991adf623d11e3c6a582ebcf042effbbef6b5af79a338e424d04af65d67ccbe1bdda113455bdab061c3fc6834ba96a99af6d390044373edfe10b986a713473b34efaec2af42eccfcb6fd9b2a5fe79ad1fd1fe0e893f578febe7ea9d676b7f078a7f61e564a64239a945b3c96e4fb0b7bc538efb6ba5c849a00dd877b9fd2a2b2bb7b7d548894646d48cd877cbc338ba147f6e64464e12e424d06cb67928292d2dfd68ca94299fb462a1ebb63befbcf3114dd3d8a8e0a852fc29fee424414e0269d39a9268343aabaaaa6ad3d2a54b77a6b3cfc88c193326db86668916b0b26684e24ff12727097212688bc6e42a352615151575b7dd76db8af9f3e7afadadaddde8df904f37cad3bd696a6a6a5e183162c4f4582cb65a8d884645b89a86e24ff127270972126853b6d1e8e2baee20db683c65638deed61bdff1501fd7ebde34da0e9e1d5829fe147f729220270150fc098a3f39494e0200c59fe24f4e12e424008a3f41f12727c94900a0f853fcc949829c0440f12728fee424390900147f8a3f394990930028fe04c59f9c24270180e24ff1272709721200c59fa0f89393e4240050fc29fee424414e02a0f813147f72929c04008a3fc59f9c24c84900147f82e24f4e92930040f1a7f8939304390980e24f50fcc94972120028fe147f729220270150fc098a3f39494e0200c59fe24f4e12e424008a3f91e1983e7d3a0d093949430280e24f84171f7ffcb1292b2b33252525ef388ef3acfd38ca75ddcb6d74b771043949d09000a0f8135989f1e3c7ab21f9c28649121b6d4cb7f1886d50069193040d0980bc316bd62c8a6eeec42e5bfcf7d86663428a86241815e42491ad9ca45202c8b8b973e76eacababa3f0e640d4d6d63e618bff4a4dd1d886635713cdc8a29e3d7b762427896ce524951240c6cd9e3dfbb23973e67cb879f3e69d14e0f0de85aaf0d7d4d4acb57195fe2eb6291993a219d9ae86859c24b29d93009071b6e05c6adf052dd1d0ace68b89ac878efbca60e1afa8a8e86c9b8f2d890d896d465ea8acacdc8f9cccfdd0df2b9f72120050a06cf3d13fa11999613fbe60e32ff93e4a920ff437e3280000da3dad13b127b535f186644b2412393a7ea2abb45167e35a8e120d090000d938a95da5139be33825c1c7a3d1e849f6f1c5ba0cb8b4b4f4188e140d090000993eb18d4876554d7c04a5dac626d775afe448d1900000109a68347a863df9bdad0dd38a8b8b0fe188d0900000108ab2b2b2831cc7f98d3d09ae765df76c8e080d090000619e04ffdbc6fbdac7a4102e0fa6210100204745229123edc9708a8da5f6f3ffe488d0900000109af83e26ba3c78a0fdb20347848604008050388ed3cd9e1817dad0a66ac772446848000008452412d9d79e1c87ebf260dba044382234240000847982ece1baee9bf6e3c4582c762847848604008050f4ead5eb40c7711ed096f47dfaf43987234243020040686c5372893d61d6da8fb74722912f7144684800000885ebba47d893e633365eb79f9fcc11a121010020348ee35cadcb836d5332a888cb8369480000084b241239c19e40e7dba889c5625d38223424000084d594e8f2e01b6d6cb6e1704468480000088de338ff654fa62b5dd79d649b94c338223424000084c236229dec09f53e1b6b6df4e488d0900000109a68347a913db16e701ce77f2eb9e492fd39223424000084a2bcbcfc70db903c6d4fb0cb62b1d8291c111a12000042e3ba6edff8e5c1438ab83c9886040080104fb25d6dccb54dc96cfbf1388e080d090000a1183162c43e8ee30c8b5f1e1ce588d090000010e609f734d77557d8985c5151d199234243020040286c2372806d48eeb627df7536cee788d0900000101adb945c684fc0eb6ddcc5e5c13424000084261289fc9b3d093f69e3ef8ee39c4a434243020040685cd72dd5e5c1b62919aa05b03424000020149148e4787b429ea3d0e7342400002014f1cb8387c637532ba521010000a1d17a12ad2bd1fa12ad33a121010000a1d09537ba024757e2e88a1c1a120000101adb8c9c17dfb3e41eed61424302000042a15d5db5bbab7679d56eaf3424000020cc137654f7c3d17d71f2f1f2601a120000dacf49fbb8f89d83e7ea4ec234240000202c1d6c5332247e79705f1a120000109a582c768a3d892f731ce7e9f2f2f2c3694800004028e297078fb5b1211a8d5e4443020000c23c99f7b4f19e8dfb229148271a120000100adb881ce6baee247b625f198d464fa721010000619ed81d5d1e6ce346dba4ec4b4302000042118bc5bad8137c8d8df9b6293921079b8fa96a40f6124bf84b0200d0fee9f2e041ba3cd8719cab73ac21e961634f530d89fd9d2fe54f0800409eb04dc9c9f604ffba8d67ece747e4505332bd89866451cf9e3d3bf2d70300208f4422912f398e73bb3dd1d7da8f97e44843d2235543621ba7cbf9ab010090a7faf4e9738e3de1afb1f160af5ebd0ecc81a624d95a92258c8e000090e762b1d8a1f6a43fd175dd37354a117243d2682d096b4700002820f6c41fb10dc0261bc3c3bc3cd8fe1ecf323a02004001b30dc0b1365eb6b1d03606dd426a48ce0cac1db998bf0a000085a9836d0606c6ef1edc3fa4c6c85b4bc2e808000005ce719cffb04dc1521bcf45229123b3dc90f4e8ddbb373bb5020080a2a2cacacafd6c7370ab8df7b3bcb854533526fe110000c0db4ced6cdb94acb64dc96fcacaca0ecaf03f77818d6d36c6c53f72950d0000f897e2e2e2436c53f2888db7a3d1e819196e46fc264423245b684a000040038ee3f48e5f1e5cddc68b4e139b91bd3d0e00000a596969e931f17bcf2c8e46a327b5c18fbc782f4d87ff3c6b4a00004043b621b9569707dba86c8366646fcd0623256873b158ac8be338036c0e3f6563958dedf17d7076e9b60af18dfa6ed0eb385a0090c35cd7ed6e0bf65fb477485959d951697efb0545e98d7ca4fb7a2055de5e6e63a68ddd4ddc653a315eb1af2fe5e801408ed2e5c1b6508fd6e5c1368ad36c2ed21df1d0f76da729414bd8fcec6a73f5a5349a9064312f12899cc8d10480dc2df667d978d7719cf17bb93cb8b5d32f4cdf206d362f4ba2d1e8ff059b8b582c66c68c196366cf9e6dd6ad5b673efef863233b76ec30b5b5b566c1820566dcb871c6e6736253b29dd11200c861f69de3c1b658ff5ef3f1ba2f4d9297ec6d016b73b5d5cf4161342397da06e2b360233269d224535757679a63dbb66ddeebf57dc1c624acdb2b00009a4973f4b6606fb431327079705b5f2dc348099ad38c94049b91c183077ba3212da1ef1b3a74686253c2480900e4b2482472b43d194cb345fbb56eddba552434231d6cf48d7f4c47e2f7b1d0152969cd48709aa6bababa7e5aa6a5349d73cb2db7244edf74e76803408e3bf7dc73ef292e2efebc53a74e57069a8adf17fdeb7e35bf4fa32949f57d342548ca362335c19191d63623c1a62461a4641e471b00729bd72c049a91a2f808870944739a926033e24779e079d694a081f8b461fd9a91964ed334357d135c53c2d40d00e4ae544d42b2e6a2a9a624d9eb1f4af27ad69420d890ccf49b052d48cd84c99327334a0200eda419b9388d26235953d2dc6624b12961fa268f1b0ddd81baa9d76867557f21ab4631b66edd9a91864457df245c12dc95bf1000e48ee636057b6b4ad26d4682ff3e7709ce5381299299292e2d2f8a6f07efbdee8e3bee3099a47d4a020dc90dfc850020b79a91e63603a99a927d5ad88c248ed0d094e469431288e9892326f17bd378cfcf993327a30d89364f0bfc2e53f90b0140fb6b469a6a4ade6a4533d2dadf07edab21a91f31f11b93f88df2bcc7db7a316b22ede81af83dd6f317028070b57644225953d29a6624b129614d499e3724c111131b3bfdafdbea52dfa62e010efcdbbbf80b0140783ac71b8771adfc39fb241919792bfe786b8c6be5cdd488761cd910fcf7280700901b23242d1d89686a84249dcdd3182129dc119225ba678d6e55a0dd5319210180c2a593fff6a2ccac21694953c21a92c26848ea1b91c06b584302003425698d48a4bab437d95536e934255c6593ff0dc922edc61a6c4402afe12a1b0040b34726f6b6cf48ba3bbafa7a14b10f493e37248d464412b10f0900a0b92314cdddf42cdda6c49f36ba9c3f41e1d24eadb639d8938d9d5a4b4b4bbf60a75600689f2325e9eec0dadca6c4fff76846c0bd6c00008d464a12a74ffa16a5bfcf0877fb45ba0d49c6eff61b8d46bfe06ebf00d0be9a92e042d7607391cea667a9be8f4b7b91946d145ef11b86c18307b7d925c0bad477c890219f0547479a5ad30200c81d89d3371de2231ce95eca9bf87dadddff04f9dd9074b5b1c56f1caaabab5bdd94a819b9e5965b82eb46b6bbaedb9da30d00edb72969ad64d34140038ee394f80b5cfd9192964edfe8fb12464698aa0180026f4ad8f40ccd661b878a6053a235255ae8aaab649a7b358d16b006d78c286cb3338ca30b00ed576ba75998a641da345262635bb0a15063a27d4ab4799a463ffce91c4dcb6807566d7a76efbdf79abe7dfb7e9eb03bacb6a6afe0a80240fe3425e98e70b080152da63525c1cb815b18f358330200f925dd6917a669d0568dc955f1c6644f3a8d884645b89a06000abb29d176f0ecc08a36a51d5d6d6332287eef9b35ba5baf7fd75edd284ff7a6d176f0ecc00a0085e1e278b3717113cf6fa11901000099966aa484691a0000106a534233020000426d4ac6d18c0000803069cd8829e2d25e000010b2ce1c0200000000000000000000000000000000000000000000000000403efa7fa8de7d5d6d1daabb0000000049454e44ae426082, '1'), ('2', '10', 'source', null, 0x7b227265736f757263654964223a2231222c2270726f70657274696573223a7b2270726f636573735f6964223a2270726f63657373222c226e616d65223a22222c22646f63756d656e746174696f6e223a22222c2270726f636573735f617574686f72223a22222c2270726f636573735f76657273696f6e223a22222c2270726f636573735f6e616d657370616365223a22687474703a2f2f7777772e61637469766974692e6f72672f70726f63657373646566222c22657865637574696f6e6c697374656e657273223a22222c226576656e746c697374656e657273223a22222c227369676e616c646566696e6974696f6e73223a22222c226d657373616765646566696e6974696f6e73223a22227d2c227374656e63696c223a7b226964223a2242504d4e4469616772616d227d2c226368696c64536861706573223a5b7b227265736f757263654964223a227369642d44343436414641382d334133332d344244432d393437382d454644444437463031323133222c2270726f70657274696573223a7b226f766572726964656964223a227374617274222c226e616d65223a22222c22646f63756d656e746174696f6e223a22222c22657865637574696f6e6c697374656e657273223a22222c22696e69746961746f72223a22222c22666f726d6b6579646566696e6974696f6e223a22222c22666f726d70726f70657274696573223a22227d2c227374656e63696c223a7b226964223a2253746172744e6f6e654576656e74227d2c226368696c64536861706573223a5b5d2c226f7574676f696e67223a5b7b227265736f757263654964223a227369642d45354631434434332d344341302d344231322d383035362d303535363241383843373933227d5d2c22626f756e6473223a7b226c6f7765725269676874223a7b2278223a37352c2279223a3130307d2c2275707065724c656674223a7b2278223a34352c2279223a37307d7d2c22646f636b657273223a5b5d7d2c7b227265736f757263654964223a227369642d42424430313142362d384546382d344532462d393434322d383044323132384334393437222c2270726f70657274696573223a7b226f766572726964656964223a226170706c79222c226e616d65223a22e8afb7e58187e794b3e8afb7222c22646f63756d656e746174696f6e223a22222c226173796e6368726f6e6f7573646566696e6974696f6e223a2266616c7365222c226578636c7573697665646566696e6974696f6e223a2266616c7365222c22657865637574696f6e6c697374656e657273223a22222c226d756c7469696e7374616e63655f74797065223a224e6f6e65222c226d756c7469696e7374616e63655f63617264696e616c697479223a22222c226d756c7469696e7374616e63655f636f6c6c656374696f6e223a22222c226d756c7469696e7374616e63655f7661726961626c65223a22222c226d756c7469696e7374616e63655f636f6e646974696f6e223a22222c226973666f72636f6d70656e736174696f6e223a2266616c7365222c22757365727461736b61737369676e6d656e74223a7b2261737369676e6d656e74223a7b2261737369676e6565223a22247b656d706c6f7965657d227d7d2c22666f726d6b6579646566696e6974696f6e223a226c656176652d73746172742e666f726d222c2264756564617465646566696e6974696f6e223a22222c227072696f72697479646566696e6974696f6e223a22222c22666f726d70726f70657274696573223a7b22666f726d50726f70657274696573223a5b7b226964223a22737461727444617465222c226e616d65223a22737461727444617465222c2274797065223a2264617465222c227265616461626c65223a747275652c227772697461626c65223a747275652c22646174655061747465726e223a224d4d2d64642d797979792068683a6d6d222c227265717569726564223a747275657d2c7b226964223a22656e6444617465222c226e616d65223a22656e6444617465222c2274797065223a2264617465222c227265616461626c65223a747275652c227772697461626c65223a747275652c22646174655061747465726e223a224d4d2d64642d797979792068683a6d6d222c227265717569726564223a747275657d2c7b226964223a22726561736f6e222c226e616d65223a22726561736f6e222c2274797065223a22737472696e67222c227265616461626c65223a747275652c227772697461626c65223a747275652c227265717569726564223a747275657d5d7d2c227461736b6c697374656e657273223a22227d2c227374656e63696c223a7b226964223a22557365725461736b227d2c226368696c64536861706573223a5b5d2c226f7574676f696e67223a5b7b227265736f757263654964223a227369642d39374232393435442d323143302d343041352d384439382d444541464431414546364636227d5d2c22626f756e6473223a7b226c6f7765725269676874223a7b2278223a3235302c2279223a3132357d2c2275707065724c656674223a7b2278223a3135302c2279223a34357d7d2c22646f636b657273223a5b5d7d2c7b227265736f757263654964223a227369642d45354631434434332d344341302d344231322d383035362d303535363241383843373933222c2270726f70657274696573223a7b226f766572726964656964223a22222c226e616d65223a22222c22646f63756d656e746174696f6e223a22222c22636f6e646974696f6e73657175656e6365666c6f77223a22222c22657865637574696f6e6c697374656e657273223a22222c2264656661756c74666c6f77223a2266616c7365227d2c227374656e63696c223a7b226964223a2253657175656e6365466c6f77227d2c226368696c64536861706573223a5b5d2c226f7574676f696e67223a5b7b227265736f757263654964223a227369642d42424430313142362d384546382d344532462d393434322d383044323132384334393437227d5d2c22626f756e6473223a7b226c6f7765725269676874223a7b2278223a3134392e37383132352c2279223a38357d2c2275707065724c656674223a7b2278223a37352e32313837352c2279223a38357d7d2c22646f636b657273223a5b7b2278223a31352c2279223a31357d2c7b2278223a35302c2279223a34307d5d2c22746172676574223a7b227265736f757263654964223a227369642d42424430313142362d384546382d344532462d393434322d383044323132384334393437227d7d2c7b227265736f757263654964223a227369642d42374438323538332d383134462d344442322d383932332d324444324330354633453932222c2270726f70657274696573223a7b226f766572726964656964223a22617070726f7665222c226e616d65223a22e7bb8fe79086e5aea1e689b9222c22646f63756d656e746174696f6e223a22222c226173796e6368726f6e6f7573646566696e6974696f6e223a2266616c7365222c226578636c7573697665646566696e6974696f6e223a2266616c7365222c22657865637574696f6e6c697374656e657273223a22222c226d756c7469696e7374616e63655f74797065223a224e6f6e65222c226d756c7469696e7374616e63655f63617264696e616c697479223a22222c226d756c7469696e7374616e63655f636f6c6c656374696f6e223a22222c226d756c7469696e7374616e63655f7661726961626c65223a22222c226d756c7469696e7374616e63655f636f6e646974696f6e223a22222c226973666f72636f6d70656e736174696f6e223a2266616c7365222c22757365727461736b61737369676e6d656e74223a7b2261737369676e6d656e74223a7b2263616e64696461746547726f757073223a5b7b2276616c7565223a22e983a8e997a8e7bb8fe79086222c222424686173684b6579223a22305542227d5d2c2261737369676e6565223a22227d7d2c22666f726d6b6579646566696e6974696f6e223a22222c2264756564617465646566696e6974696f6e223a22222c227072696f72697479646566696e6974696f6e223a22222c22666f726d70726f70657274696573223a22222c227461736b6c697374656e657273223a22227d2c227374656e63696c223a7b226964223a22557365725461736b227d2c226368696c64536861706573223a5b5d2c226f7574676f696e67223a5b7b227265736f757263654964223a227369642d44413638384642352d354336332d343933432d414141412d313433423630383345303545227d5d2c22626f756e6473223a7b226c6f7765725269676874223a7b2278223a3431352c2279223a3132357d2c2275707065724c656674223a7b2278223a3331352c2279223a34357d7d2c22646f636b657273223a5b5d7d2c7b227265736f757263654964223a227369642d39374232393435442d323143302d343041352d384439382d444541464431414546364636222c2270726f70657274696573223a7b226f766572726964656964223a22222c226e616d65223a22222c22646f63756d656e746174696f6e223a22222c22636f6e646974696f6e73657175656e6365666c6f77223a22222c22657865637574696f6e6c697374656e657273223a22222c2264656661756c74666c6f77223a2266616c7365227d2c227374656e63696c223a7b226964223a2253657175656e6365466c6f77227d2c226368696c64536861706573223a5b5d2c226f7574676f696e67223a5b7b227265736f757263654964223a227369642d42374438323538332d383134462d344442322d383932332d324444324330354633453932227d5d2c22626f756e6473223a7b226c6f7765725269676874223a7b2278223a3331342e33373130393337352c2279223a38357d2c2275707065724c656674223a7b2278223a3235302e36323839303632352c2279223a38357d7d2c22646f636b657273223a5b7b2278223a35302c2279223a34307d2c7b2278223a35302c2279223a34307d5d2c22746172676574223a7b227265736f757263654964223a227369642d42374438323538332d383134462d344442322d383932332d324444324330354633453932227d7d2c7b227265736f757263654964223a227369642d44434533304339432d304131442d343734332d423941422d373442443441303341373635222c2270726f70657274696573223a7b226f766572726964656964223a22636f6e646974696f6e222c226e616d65223a22222c22646f63756d656e746174696f6e223a22222c226173796e6368726f6e6f7573646566696e6974696f6e223a2266616c7365222c226578636c7573697665646566696e6974696f6e223a2266616c7365222c2273657175656e6365666c6f776f72646572223a22227d2c227374656e63696c223a7b226964223a224578636c757369766547617465776179227d2c226368696c64536861706573223a5b5d2c226f7574676f696e67223a5b7b227265736f757263654964223a227369642d43354234304335342d393233442d343830432d414530322d363046323641414545383433227d2c7b227265736f757263654964223a227369642d37413637304633362d413531332d343334442d394338302d314235443737374235393230227d5d2c22626f756e6473223a7b226c6f7765725269676874223a7b2278223a3338352c2279223a3232307d2c2275707065724c656674223a7b2278223a3334352c2279223a3138307d7d2c22646f636b657273223a5b5d7d2c7b227265736f757263654964223a227369642d44413638384642352d354336332d343933432d414141412d313433423630383345303545222c2270726f70657274696573223a7b226f766572726964656964223a22222c226e616d65223a22222c22646f63756d656e746174696f6e223a22222c22636f6e646974696f6e73657175656e6365666c6f77223a22222c22657865637574696f6e6c697374656e657273223a22222c2264656661756c74666c6f77223a2266616c7365227d2c227374656e63696c223a7b226964223a2253657175656e6365466c6f77227d2c226368696c64536861706573223a5b5d2c226f7574676f696e67223a5b7b227265736f757263654964223a227369642d44434533304339432d304131442d343734332d423941422d373442443441303341373635227d5d2c22626f756e6473223a7b226c6f7765725269676874223a7b2278223a3336352e343039373333353336323333382c2279223a3137392e36343834343638373030303735357d2c2275707065724c656674223a7b2278223a3336352e313736323033393633373636322c2279223a3132352e37303331313536323939393234357d7d2c22646f636b657273223a5b7b2278223a35302c2279223a34307d2c7b2278223a32302e352c2279223a32302e357d5d2c22746172676574223a7b227265736f757263654964223a227369642d44434533304339432d304131442d343734332d423941422d373442443441303341373635227d7d2c7b227265736f757263654964223a227369642d43354234304335342d393233442d343830432d414530322d363046323641414545383433222c2270726f70657274696573223a7b226f766572726964656964223a22222c226e616d65223a22222c22646f63756d656e746174696f6e223a22222c22636f6e646974696f6e73657175656e6365666c6f77223a22247b61677265653d3d66616c73657d222c22657865637574696f6e6c697374656e657273223a22222c2264656661756c74666c6f77223a2266616c7365227d2c227374656e63696c223a7b226964223a2253657175656e6365466c6f77227d2c226368696c64536861706573223a5b5d2c226f7574676f696e67223a5b7b227265736f757263654964223a227369642d42424430313142362d384546382d344532462d393434322d383044323132384334393437227d5d2c22626f756e6473223a7b226c6f7765725269676874223a7b2278223a3335332e3034333233353431343539332c2279223a3139312e38303636303834303131323038337d2c2275707065724c656674223a7b2278223a3235302e35393933343237313034303639342c2279223a3132302e33313235333232323338373931377d7d2c22646f636b657273223a5b7b2278223a32302e352c2279223a32302e357d2c7b2278223a35302c2279223a34307d5d2c22746172676574223a7b227265736f757263654964223a227369642d42424430313142362d384546382d344532462d393434322d383044323132384334393437227d7d2c7b227265736f757263654964223a227369642d45464233324239442d453235362d344630312d414641412d383932443246333434323841222c2270726f70657274696573223a7b226f766572726964656964223a2273746f70222c226e616d65223a22222c22646f63756d656e746174696f6e223a22222c22657865637574696f6e6c697374656e657273223a22227d2c227374656e63696c223a7b226964223a22456e644e6f6e654576656e74227d2c226368696c64536861706573223a5b5d2c226f7574676f696e67223a5b5d2c22626f756e6473223a7b226c6f7765725269676874223a7b2278223a3533382c2279223a3231347d2c2275707065724c656674223a7b2278223a3531302c2279223a3138367d7d2c22646f636b657273223a5b5d7d2c7b227265736f757263654964223a227369642d37413637304633362d413531332d343334442d394338302d314235443737374235393230222c2270726f70657274696573223a7b226f766572726964656964223a22222c226e616d65223a22222c22646f63756d656e746174696f6e223a22222c22636f6e646974696f6e73657175656e6365666c6f77223a22247b61677265653d3d747275657d222c22657865637574696f6e6c697374656e657273223a22222c2264656661756c74666c6f77223a2266616c7365222c2273686f776469616d6f6e646d61726b6572223a66616c73657d2c227374656e63696c223a7b226964223a2253657175656e6365466c6f77227d2c226368696c64536861706573223a5b5d2c226f7574676f696e67223a5b7b227265736f757263654964223a227369642d45464233324239442d453235362d344630312d414641412d383932443246333434323841227d5d2c22626f756e6473223a7b226c6f7765725269676874223a7b2278223a3530392e333333303037383132352c2279223a3230307d2c2275707065724c656674223a7b2278223a3338342e3931333333303037383132352c2279223a3230307d7d2c22646f636b657273223a5b7b2278223a33332e32313837352c2279223a32307d2c7b2278223a31342c2279223a31347d5d2c22746172676574223a7b227265736f757263654964223a227369642d45464233324239442d453235362d344630312d414641412d383932443246333434323841227d7d5d2c22626f756e6473223a7b226c6f7765725269676874223a7b2278223a313230302c2279223a313035307d2c2275707065724c656674223a7b2278223a302c2279223a307d7d2c227374656e63696c736574223a7b2275726c223a227374656e63696c736574732f62706d6e322e302f62706d6e322e302e6a736f6e222c226e616d657370616365223a22687474703a2f2f62336d6e2e6f72672f7374656e63696c7365742f62706d6e322e3023227d2c227373657874656e73696f6e73223a5b5d7d, null), ('2502', '1', 'source', null, 0x7b226964223a2263616e766173222c227265736f757263654964223a2263616e766173222c227374656e63696c736574223a7b226e616d657370616365223a22687474703a2f2f62336d6e2e6f72672f7374656e63696c7365742f62706d6e322e3023227d7d, null), ('2503', '5', 'source-extra', null, 0x89504e470d0a1a0a0000000d494844520000024c0000010e08060000007b1c4839000000206348524d00007a26000080840000fa00000080e8000075300000ea6000003a98000017709cba513c0000000467414d410000b18e7cfb5193000000017352474200aece1ce900000006624b474400ff00ff00ffa0bda793000000097048597300000ec400000ec401952b0e1b000020004944415478daeddd0b5c5465fec7f167061454c41b289ad7b41219340d6bb7dcc2d26edb9695c810e6629b5adb4db3cbd6ba5bb6d5b665f78b5b6d49a6025e52bbfc3535c3b4bc9562805999e21d154d1405e532ffdfefc8d048928830dc3eefd7ebbce69c61188ecf3ccef99ee779ce738c01000000000000000000000000000000000000000000000000000000000000000000000000000000000000000000000000000000000000000000000000000000000000000000000000000000000000000000000000000000000000000000000000000000000000000000000000000000000000000000000000000000000000000000000000000000000000000000000000000000000000000000bcc44611c05b5c2e97ff962d5bee3e78f0e0d023478e9c77f8f061ffa2a2220ae64cff13db6c2e7f7fff7d0d1a3458959f9f3fa15fbf7e9f532ad449ea244060422db479f3e63bf6eeddfbfcd1a3471b8784849866cd9a99a64d9b1abbdd4ee19c213dc0e7e4e41839e89bddbb771f2b2828f82e373777e855575d9546e95027a993008109b5c4d6ad5be76cdab4e9868e1d3b9a76eddae9d92785528576eedca961205756632ebffcf2b9940875923a099c391f8a00557d6092e586d0d050131c1ccc81c90bb495a455ab560df6eeddfbc7a14387a64e9e3cf9074a853a499d04084ca8a1b4cb23232363ac1e980203037ff5f3a339bb4de6fad926f3bbb9266bf3e7e6c8cf9b8d5f93d6c6d72f90c23b430d1b36342d5ab4f0dbb56bd7b5b1b1b19f4c9932650fa5429da44e021547673daa840ea6d5f121dae551d68169db9a774d4ed6f7a6a8f0987115159823fb7f325bbf79c7e41ddc41015682264d9a982e5dba14f9f8f8bc42695027a99300810935905e79a48369757cc8c9ecdfb2d4141c3bfcabe7f54095b5399902ac24eddbb76fe9ebeb7bcec2850b7f479da44e52270102136a18bd4c5baf3c2a6b7c48ee6f9cb1eb993e2a4f505050a63cdc4c9da44e52270102136a189dd3462fd32e8bab30bfec5f76310f4e656addbaf559f210499da44e5227818af3a5085015740240bd3206d54f3e87b6f2104c9da44e5227818aa38509554227ae6302c01af29ffcf8e7e04b9da44e52270102136a99068d5a94f9335f3f5a01409d044060024ccb8e171bdf864d7ef5bc4f8346a665a77e1410a89300084c404070a8691274de499f6fda3a8c020275120081095085f9b9bf7aaee0e8210a06d449000426e0d8e1bdd6ecc9397bbffbd5cf0eeffbd16cfdfa6deb35007512008109f552f6ce357260fa9f758faeb21c39b0c564ac9a687edefa957131ff0da893006a002eeb84d7cee077fff07fd6d97a79e8ed28f4f587e48cbff5b9d71a7f6bda16803a09a07ad0c204afd0b3f3f21e984e38b397b3fe2dabdfa400419d04406042dda767e715a5778d07a89300aa135d72f08aee039ea410409d04506bd1c2040000406002000020300100001098000000aa539d1df4ed72b9fc535353ffbc76edda5b76edda75fece9d3b1b1f3c78d0372f2fcff8fafaba9a366d9adfb265cb1d8181815fc9cbfff5f0c30f7f4f75000000f522306950fae0830fde7af2c92763f6eddbe71b1a1a6a2223234d870e1d8c0424e3efef6f2434d90e1d3ad470dbb66d5dd2d2d2baac59b3e6963163c66c3d7cf8f0936fbdf5d6ffa8160000a0ce06a6152b56dcf6d4534fbd919d9dede7743a4daf5ebd8c8f8fcfaf5ea7a14997e0e060d3a74f1f336cd830dbba75eb3a252626fe77d4a85163f7efdfffa71933666ca47a0000803a13985c2e97ef871f7eb8203e3ebeff1ffff84773cd35d79c3428fd160d57b2f87cfae9a7dda74f9ffeedc89123efa5b5090000a85a3fe85bc3d292254bbe5ab46851fffbefbfdf5c77dd75a71d963c5d75d555e69ffffc6723bbddfecaedb7df7e1755040000d4fac0a42d4bb366cdeafb8f7ffcc39c73ce3995f29e9d3a75324f3cf18486a66762626286524d00002030d55a3a6669debc79fdefb9e71e6b3c5265d2f77bf4d147031a3468f0aa84a6ee54150000084cb58e5e0db760c182893a66a9b25a964ad396a6e8e8683fbbdd3e89aa02000081a9d6993367ce3b3a35808e39aa4ad75e7b6da366cd9a75a16b0e00000253ada2ad4b6969694374ea80060d1a54f9df1b356a540bbbdd5eaf06804bd98e939038283232d297ff26a04e02a8ef6ae5178fcee0bd67cf1e5f9d0ac01b7af6ecd9d0cfcfaf8b7c61774e4c4ccca82775e35f124c4d9b366d72e5df3dcf66b3bd5d5050b06cc68c1939356d47972c5962cdab75d1451799c2c2426b514f3df594898a8a32e79e7baeb5ade15afe1d253f1b3870a0d9b97367c9fbf4eedddbac5dbbb6e4b5dadd7b3273e6cc31478e1c31b7dc724ba5ed0fca5f274342420e474747cf9193982935b54eaa575f7dd5f4ebd7cfaa574b972e35b2af27fcfc820b2e308181817a02688a8a8a4a9ed73af1e1871ffeeafd9a346962d5d99379e08107cc902143cc85175ef85b81d3c8f79759be7cb9c9c8c830123ecd860d1bcc071f7ca0e335a95d405d0c4c7abb93b226a5ac2ae1e1e1992b57ae1c2cab13ea5305912fef46f270937ca9df24e59d235fb2f364fb5d0990c9f1f1f17935611fdbb76f6f1d2cfef5af7f999f7ffed90a346acd9a35d6c1a159b366d6f60b2fbc60cdf8ae0166ca9429a67ffffe5688193c78b079fffdf7cd7ffffb5ff3fdf7c7ef90f3d65b6f9519983233334d4e4e4ea5ed0f4e5b13a997b1522763a54e1e94203057b6a7d5a43aa9f5e3e5975f36717171d6f6c2850bcde1c387adf5fcfc7cabbead5bb7ce0a4cb367cf36cf3efbac494b4b330e87c38c1d3bd60a40fab860c102d3aa552b2b5cfdef7fff33df7efbad3976ec98f53a098e257fefd0a14366f1e2c5262020a0e4b9acac2cb37efdfa926df7ba9e247cf7dd7725bff7e38f3f52a380ba1a98f4de707abb136fbae8a28b9a4b60baacbe05a65202e42015258f5179797947253ccd96f524f93c3e4e4e4e2ea8ae9deadab5ab993f7fbe79e79d77cc9831634a0e009b366db27ed6a64d1bd3a54b979270f2c5175f58ad3f8d1a3532616161e6e1871f365f7ef9a5f55a6d115053a74e2d79ffcf3fffdc3af0b56ddbd6dadebb77af15ba66ce9ce9ae8f460ed45600abc8fee08c04ca72abd4cb5ba54ee64547474fb7dbedb3abbb4e4e9e3cd9dc7cf3cdd6499d06a1279e78c27a5e5b93b42e6918ead8b1a3f5dc4d37dd642d679f7db65ef96bb536fde73fff31f7de7bafc9ceceb69e8f8d8d3593264d2a798fe6cd9b5bf5d84dc3b8b67abaebafead9b3a7f5a8ad4813274e347bf6ec31f7dd779f29ab655eefb3a92da300ea5060d21be9ea156cde245f5a8de5e17caa4c093ff9e276caa353ce7473e42c7fb19ce54ff4f659fe810307ac4569f0d183891e7c949ec16b88e9debdbb69dab469c9ef3cfdf4d325079655ab5699bbeebacba4a7a79b949414337efc78ebf983070f96bc5e0f6083060db25a0c94b644690b82b602283d08b9bb542ab23fa834fe52078749990f933aa92d4f0b64fb1d6fd7490dd31ab83ffae823ab5b4efebed522a481e46f7ffb9b15b4b5c5e9b768b81e306080d9b2658b1562342c69cb926ad8b0a179edb5d7acf7d0f7548b162db25a8bb445d36ddab469d6a306746d45fde4934facc7eddbb79b1d3b7658ad9d478f1eb582d4830f3e6824609acf3efbcc6af502504702931ccc7cf50ccb9bf2f3f383e58bb840be841fa7dafcbae54996eba57caed72f7029a3cdda0ae30dda65a1e332befaea2bb371e346337af468abcbccf34cdfedcf7ffeb3350e44bb35dc81a95bb76e66c48811d6a25d69ee56a4bbefbefb84bfa35d18ee337cf781c6bdad3fbbfefaeb2bb43f3aa6a9aa69d78cb640d4b3baab47fdc152270717d7c99fbc5527b57551ffd60d37dc6085670de55a575e7ffd7573fbedb75be17cd8b061560b94b622e9e7a341253737d7aa3b975d7699d5aaa42148bb75dd2d4c3a164ae918271dab74de79e799db6ebbcd7d1269b530b9bbdd34a86dddbad55a6fd1a285f9c31ffe601a376e6c3dce9a35cbfa3ff0de7bef992baeb8c2aaa7fa3ecf3cf38c5787390004262fa88ea6636d2a972f2a2dafc7a836a7d4450f127a40a86a3a5648974b2fbdd4dad6711e7a90719f8dbbfdfef7bfd72922acae331de0ea6e05d271257a16af41ead34f3fb50e6e6efa5acf96206d2df25cf7dcaee8fe78830e382e1ecc5e9feb6e576fd5491dfba68b86100d3a1a62b4f552c374cb962dadd7685dd39649fd5c5ab76e6d851b6d99d2470d4edacdab2d94fabda363de34e0941e34ae170db803b7d645edbe736f6b182a4d5b4175bc94d679bddfa67613ae5ebdda5c7cf1c55e291780c0540dfcfcfc5c129a6cde0c4d7246973573e6cce6129a9eaa2775a33c07574d0cda1775c269a994d1a6888888b3ab6bc7f52c3d2121a164fbebafbfb6ba2f34a0e8f811fd993b306917861eccf440a62146bb4234500d1d3ad40a516ea1a1a12567f31a7eb44bcebdad5d6d15dd1f6fd056050d8572701e5f0fea64a1840757f1c94db5d5496dc5d156706db1d4961f6d257aeeb9e74e784d9f3e7dac453df4d0435657af3e2abd724d69086ad7ae9d758fcbd257656a2ba7762f2b1d27a7dbee56346db572d3b0a5afd3ae386d0dd57d01504f0253606060be1cf01a7a5e2552d5e46c6ebf7ce9e6c9c1eff1fa50319c4e67990727391e154a596848d26be27d64fb806c2f9265aa84d9f93a5e44c284abbaf65d0f32ee0389fbe0111e1e7ed2d7eac0d8c71efbe59ffae4934f5add693a66c96eff659a321d77a267fb4a0f4a7ab63e63c60c6b5b0f44ee2eb933dd9faa101414641d981f7ef8e1c7eb629dd4ae720dee52ff1a6a7dd42eabeaac93da4aa45dbcda6df6e69b6f9a5b6fbdd5ea4ed390adf548af64bbfaeaabcdc98615e8d8b9ddbb775bdd646afffefdc6d7d7b7645b83bb8e61527ad182b6602abdc040c3bf7b5cddf9e7ff32dc52c7308d1b37ce6ae9d293010d7300ea4960922f9aad72c6dccd9b81293535f5273d7badaf15450e4047e5e0e3577cb6ae6149afab9f2f4b927c712f9203d281eade473d2bd783831e48b4cbc14da70ad06e8e93d1f126bffbddefac4bb4f5f27f3d93d781b9eef99894b634e9fd0add67ff7a10d4839f5ee9a4f40a241d275219fb83723b561cdc1b79b426d5883aa963e1b4c547a703d030ad01d9dd45ab57cc69179b67eba276bf69179d06ebe8e868f3c8238f94b41469f7998628f7b66737b0d6c14b2eb9a424c46b979d76b9a9cd9b379f109874399537de78c3ba20e1f2cb2fa7760175a88569897cf174d34bc3bde5abafbed26faa25f5b5a21487253d20e9b5f49ff8fbfb7f5c53e6bc719f89cf9d3bd71a54ad03573d0f107ac65e5640d1337d1daba4f42c5e0f381a7074e240f71c3a1aa874f1280b6b71b740e9557695b53f28b786c5937ed6b83aa90147ebd1f4e9d3ad2be4f40a34f7bc5dda6de6eed2553aac40eb9d8ecbd430e5bee8c01db0f4ca37f7a0efd2b435e9af7ffdeb495b98de7df7dd5f4d8aea0e5bba0f1acef477f44441bb0c95b640b9bb0801d491c024ffd9ffbd65cb96e1858585762f5dd59127678cddf5d8580f5b96f42c3d59c2c17bc597671fa881fb68860f1f6e5d91a6f541038f0621a59756ebc14bbb457e8b8eedd001b37a7551444484de0ec73ab08d1c39b25af607b5b74e6aeba4061d1d78ad01485b314bdff352c7b5299d3855e794d371666eda9ab96cd9b21342ce8409c7a77fd37a79c71d7758ebeeb07432eef175ee13017d6d7070b0b5adf337690b945e65a75d857a45a8761f6a4baa4e9009a08c8683dabae3f7df7fff4639ebeaea8d33a2050b164c9d34695227f992fb437da9187adf2e3943cd9003d2cc8a9cb52f5cb8d0e53e4bf6360d3f3ad6a3385c5b67ef9e2d3cda45a2cfe9406f6dedd14924f5c0a403c13dbbd6b415c073e664377d9d8e61725ff174a6fbe30d7a901c3870a08d3a79699dfcffaa7329e90ce2679d75d6af7ea657df69d7a0fe4cc743695df76c7dd26d3d39d0d630ea2450b65a7b134b39f03c2267ebd37af5eae55bc5ad4c07e44cb1877cc1bc509f2a8684c3276bebbebbc389d2f122ee5b91b8e92068370d4bd699831c404a8f433a595852a73b07d8a9f60775bf4e56359d9aa02cfafde839d16fe9ae3addf67658026a237b6dddf177de7967464e4ece77f3e6cdabd2bf3361c284594545458777edda954875010080c054eb6467675f3f7bf6ecdcaaba79646a6aea87df7cf3cd1fe50c6c4475de970a000010982a2c313131e3d8b163239e7ffef923957ddb831d3b767cf9cc33cf9c2f61e9c18484840d54150000084cb5d6942953a6e6e4e4dc336edcb89cca6a69d296a5871e7aa8436161e144094b53a826000010986abda953a7be9b9d9d3de289279e383877eedcc37a5548051d78e18517e29f7efae90b8b8a8a1e4b4a4a7a862a0200007cebca3f44c24da2d3e95c317dfaf477e6cd9b17366ad4a8c0debd7b372ae7afe72d5cb870cee4c993bb15141474b3d96cfde986030000752e30291dd3240f5748701a3c61c2843b1b366c18debd7bf7bdfdfaf50be8d2a54bc3962d5b86e8ccbab9b9b9bb0f1c3890bd7efdfa1f972d5be6f3e38f3f9e575858d85e7ef7f5cccccc290cf0060000753630790427bd55c2ccd8d8d8f6ebd6ad1b9c9292a2375c8a904527bbf3974527c2c99745a7d1fd4c963b8bc316000040fd084c6e53a74edd2e0f2f152f0000001562a708000000084c000000042600000002130000008109000080c0040000406002000020300100001098000000406002000020300100001098000000084c000000042600000002132015cb6e77151515511035807c0e5be4a1803a499da44e020426d430fefefe7b0e1d3a4441d4003ffffc739a3ca45027a993d44980c0841aa6418306cbb2b3b329881a203333f3a03c245327a993d44980c0841a262f2fef59f952cc77b95c1446f5cad8b061c34553a64cb9263a3afafea8a8a800ea2475b2baebe4fefdfb7bc9e32c8a02b5890f4580aa3069d2a41dc3870fbfc166b3b50b0c0ca440aa495a5ada8c0f3ffc30e2d0a1431de5b3b8ca6eb73fea7038fe244b3b594c444444664a4a4a017512deac93b9b9b9be03070efc37a581dac497224055912fc5a1191919df346ddab4310728effbf9e79fe7ca99fc9f3a74e810b76fdfbe391e3fbaa078792c2f2f2f2726266685cbe5fa54c2d4a29d3b77a6252727175027519575b2a8a86820a581da86162654992953a664dd7aebadabe40bf2063938f9fbf9f951285e3c30c9997cb8cd66fbebb061c33e0a0f0f4f92a76f3fc949524359ce96e54a094d770404048c94d746381c8ea6bd7af5ca4a4d4d3d489d4465d7c92bafbc72192582dac64611a0aa2d5ab468803cccead4a95341870e1d5aca172685527532e4a0b450cfe2a59c470c1830e063f70f860c1932c06eb7cf3fcd13a58db2ccf7f1f1f9cfd4a953b7532751997512a84d686142959b3c79f2a6d8d8d839d9d9d9bd76ecd81178f4e8d11fe4c06d93b3fb000e54674ee7b49183d1979b376ffee6fbefbf6fa5e343e4b9d8d267f1e9e9e99bc2c2c2f64b995f5b9ef77509796d2b59bd302121612c75b2fa656565994f3ffdd40407079bc68d1bd7fa3a09d4261cade0550b162c385f0e4837cb6aa42c11b2f8532a674cc71ce99c36c9b2cc1a3870e08adf7ab1d3e99c280f7794f7cd1313136dd4c99a61cd9a3566eddab5a677efdea64f9f3e75a64e02042600354e6464a46f48488876cd5d4160aa5d24ec3e2e0f8fc9325e3e97c72911c07b988709a867f42a387f7fffc1369b6d0b610900084c00ca101f1f7f401eae96e5f06fbceceb5b6eb9e57c4a0b00084c40bd959090b0a1a8a86890cd662beb8eb411f2f3e54ea7739c76e3516200084c00eaa5e9d3a72f72b95c0f947ebeb0b0b0ad3ce838271d00fdafb66ddbce8b8a8aea468901a8af985600a8e7d2d2d2568485859d6db3d9f4fe5ed6b8a5f5ebd7e7c8f3531d0e878e73d2398bbacbcf8785878767070505a5646464145172de279f47a4397e35df12f97c922911c07b6861026076efdefd1797cbb5b1f4206fd98e2f2c2cec2dab5f4b606a2e8f13dbb469332326262688520340600250afe895738d1a35ea7bb29fcd983163636666e6ef25503d229b79129c06151515fd181d1deda4e400d41774c901b0a4a4a4e495f533ed824b4f4f5f161616365702d385b26817de6087c3d1393c3cfccbb4b4b4239460d5a34b0ea83eb4300128b7a4a4a4b4e2d6a697ccf1d99ce3647db5dea78ed2015097d1c204e0b414b7367d1a1e1efeb96c5e2a8bb6360d73381c01a1a1a1cbd7af5f7f8c52aa1ab43001d58716260015929090b04c07847bb4363de0e3e3a3f33645503a00ea1a5a98005498b62615b736ad36c7a71f385b96dbc2c2c2f28383835730fd40e5a28509a83eb430013863090909f36d365bb8ac4e91c557d6ff1d1212b23c3a3ada41e900a80b6861025029f44a395966878787af33c75b41ce95e0749bc3e1d8c7649795831626a0fad0c204a052252424ccd1b14d12961699e3b75699181212b2303636b63da50380c00400c566cc989129c169a0acde294b8e2c91050505a9d1d1d1d7513a00084c00e0213131f1bff2a0639b92f5d62ab27c14131393101717d79cd201406002805f4253862cfd8b6fad52208fcebcbcbcefa2a3a37f47e9002030018087a4a4a467e4e1f7b26c9025c466b32d95d0f4625c5c9c3fa50380c00400c5121313bff6f7f7ef2dab13745b42d3e8bcbcbc545a9b00d4744c2b00c0ab5252520ad2d2d2163a1c8e79e6f8ad5574fa813826bb3c35a61500aa0f2d4c00aa85476b930e0cb726bb6cdbb6edbc989898ee940e00021300148b8f8fcf93e0a4530f44c992e572b906c8b23a3a3afa6e4a07008109003c48689a69b3d9426575a62c01b2feaa4e3f1015151542e90020300140b18484842c094e512e97eb4fb21cd0e9077c7c7cd60e19326400a50380c004001e9292923eb6dbede7c8ea7c5942647d21ad4d00084c00504a716bd3352e97eb1ed9cc71b736399dce484a07008109003c242525bd66b3d9facaea0a59b48569a14e761915151540e90020300140b18484840d8989893a43f883b214e864973e3e3e4c760980c00400a549689a2061a9b7cbe54a91cdce7a6b15a7d3f9406464a42fa50380c00400c5b4b569f7eeddda4537a1f8a9e74242429633d92580aac6ad5100d42a7aeb14bdb54acf9e3d3fd2892ee529872c77848585fd1c1c1cbca62edf5a855ba300d587162600b5d2b469d35232333375b24bf7ad555e0d0909f9dce97476a67400109800a05872727281de5a4527bb94cdedb2f493759d7e6030a50380c004001e74b24b1d102e4ba22ccde5a919129ae631d9250002130078d0c92e658991c074a36c66c97235b75601406002809307a739858585e1b2fab129beb58ad3e99c181717d79cd2015051368a00405d151d1d7db7cd66fbb7aceacce0192e972b26292969452dd9f7bf15ef7bb9242626f27d0e5421a615005067a5a7a7af0a0d0d9d61b7db2f944d870490b8f0f0f0c6f2dccaf5ebd71fabc9fbdeb3674f0d7943cbfbfab4b4b4f17ce2008109002a4482d17e0913ef381c0e6d81b954170950d78785852d9540b5a7a6eeb7ecf346d967bdf970e372bc7cbbbcfe453e6d80c00400671a40928b27bbec678eb736dd2681e4685050d0aa9a3ad9a584ba73643ffb9cea75f26f9a2ee1ef233e6580c00400672c3535355382d3c4f0f0707f737cc6ec2b0302022e97e0f4b93c7fa00606a65c094cc34ef53a79cd58d9ff0c3e6180c004009546c2c567129a56168726bdb5caedb2bd372828e8db9ad4dad4b76fdf9d05050523ccf141eb65c9caccccbcaf2edf120620300140f585a68d111111932490b497cd0859ae0f0808b8303434f4b3f5ebd7e7d4847d4c49492970381c61b27a7e59af71b95cd33ef9e493b97ca200810900aa2a90e449709a1d1e1ebe4e367582cb9e76bb3d4e42ca66797e7d4dd847d9976c79883b4950d2ae3823fbfb770d7f7c9a00810900aa94048e0da1a1a113257ce800eb9eb20c91a0d2b9b8b5a95aa71f080a0adadea44993fb241cf97b3eaf61496ca73b0e20300180d7683092e034352c2cec7bd91c2081e47712a086f4e8d1e3bbf4f4f44dd5b55f1a86c2c3c3cf92d50b4bff4caf8ea33b0e20300180d749384a939034ab78b2cb9e129c6e9110d5b26fdfbe4b744c5175ec93fc7d1fdd8f93fce839dd5f3e3580c004005ee731d965a16cf693b0d22f3f3fffbaf0f0f06fe4f99ddede9fe0e0e04d010101b7c96aa0c7d35945454577d5f419cb01021300d471128ebe909034cb1cefa2d3e90774b24b9fa0a0a065de1c37a47f4bfeae8eadf2bc5aee83e9d3a727f12901042600a809a1294b02d29b01010176d9d459c22f97f52b43434397684b94b7f6a3f4d57212e01ed3c1ea7c42008109006a046de19170f2797878f86a737cb2cb1e76bb7da46c1f9630f5b5375a9b222222320b0a0ac6b9b7fdfdfdefd46911f87400021300d4283adf516868e8db1296ce35c7a71fb83a2020a04faf5ebd96a6a6a61eaccabf5d3c89a55356836c36dba62953a63ccb2702109800a0462a9e7e6046f1ad55ae96e57c97cb354cb677c9f3df56e5df8e8c8c6c79e4c891fead5bb77e7be5ca958bf83400021300d468dada2421699284a5736d369b4e7879934e76191111b1a42abacafef9cf7fc6646565bd3270e040db0f3ffcf0fb6bafbd76ebd2a54b53f82400021300d4f4d074243d3d3d4982d34f129c2ed7c92e0b0a0ae2643bbd326f57f2e0830fdebc6bd7ae69f7dc738fcfd5575f6d3a77ee6c5bbc78f19f22232337ae58b122954f02203001406d084edf4a48d24bfcf526be3d6419ea703882222222969f696b93b62c656666266858ead3a78ff55c484888e9d2a58bfdf3cf3f1fd4bf7f7f4213406002805a139a0e040505bd1f1010e032c7a71fb05a9b24386da9e88d7cc78f1fffe7ad5bb7be77f7dd77dbdd61c9ad4d9b3656684a4e4e1e74c92597a4ae5ebd9a2906802a64a30800a072c5c4c47477b95c933434595fb4365ba29f9fdff0f8f8f872b7366958cac8c878f7befbeeb3f7ead5abccd7a5a6a69ae79f7f3e5ffe5ed4e4c993b9af1c2a456c6c6c7b09fc83a4ee5e668e4f981a224b802c5a8733a5bea5c8cfbef4f1f1499c3a75ea76021300a0422223237d434242fe2daba365f19565831c6486272525ad2847588a95b034f95461c933344d9830e1981cc06e7aefbdf73ea1f47106617f903cdc25cba5525f1b96f3d792a5eebd9390903085c00400a810a7d319290f6fcbd2adf8a9d70a0b0b1f99316346cec95e3f7af4e841070e1c98e93966a93c34343df7dc73f9050505d7cb816b3e258fd3aca79d25f4fc5742d25567f036cba46e0f97babdb12e9611810900aa585c5c9c7f5e5ede44c30e13e900000c8049444154f3cbad4d32e4c01453bab5495b96366fdefcdee986a552a129efd8b16351f2de1f53f2288fe8e868a78f8fcf1b4545452ddccfc9b6de8ec75c74d145a65bb76ea679f3e6a669d3a6e6c891234602bdce7e6f56ad5a65d6ac5963f2f3f33ddf2e4782d79d75b1b589c004005e12131373b504a5f76535489602591ec9cccc7c293939b9e01ffff8c7d0eddbb79f7480f7e958b76e9d8e692234a1bc61e93abbdd3e47eaa58f3b285d73cd35e6ca2baf34c1c1c1a7fc7d0d4f9f7cf28999376f9e292c2cfc255cd86c232434fdaf2e951557c901809714df5a6576f1ad5574b9526fe42b9aeed9b367a28e59eaddbbf719fd0d9d72a05bb76ebe2b57aebc49fed6baf4f4f41f28799411969c5217a7bbc352bb76edccb871e34cbf7efd4c93264dcaf51efefefea667cf9ea66fdfbe66c3860de6e0c1923b045daff39355f5ecf7042600a8a3d6af5fbf5f0e22531d0ec761d9bc5896b38f1c3972d5fdf7df5fae01dee5a1530e68685ab162c58d616161df54e6249aa81b74cc928f8fcf8712961aebf679e79d671e7df4d172b52a9d4cb366cdcc25975c62366fde6c24fcbb9fbe5242d36ca97f5975a1cce89203806a3272e4c83b0f1f3efcfaf0e1c36d575c7185f59c7671dc79e79dbf7aed2bafbc72c2c14cc792fce52f7ff9d5eb5e7ffd75d3b2654b6b5dc7343dfbecb3470a0b0b6f6620383cdd72cb2d8b8a8a8aac4aa72d4b8f3ffeb83546e94c69bdd4f7dab66d9bfba9658989897fa80b65460b130054031de0bd6fdfbeb7468f1e6dd7337337ede268ddbab5b644950ca6b5dbedd620dbcb2ebbec8460a467f272d0b3b65bb46861060f1e6c3c5ba9b4a5a96bd7ae0d962f5f7e638f1e3dbea57b0e4aa70e70b95c8f5821c0c7c7ea86ab68cb52690d1a3430ddbb77378b172f36f237f4a98e75a56bce4ed50100af87259d9472725957c35d7ae9a5a66ddbb625db1a8ab4abe3ebafbfb6b6bffffe7babf5c81da87c7d7d4d6060a0d1fbcc95a601eaa1871e6a20af49d401be947eede7743ac769e8d1b9be2af81677b957748077870e1d2a75fff4fdaebbee97aa26c169545d28775a9800c0fb61e9dd530df0eed1a38759ba746949282a2828b05a9db495e9e9a79ff61c5c6b0202028cbc9f69d5aad549dfab4d9b363e7a69f8f2e5cb6f72381c6b18d354bbc967b84473937cee63c3c2c27af4ecd9f348686868a6d48f63a7fa5d9dc15b02cccbb26ad7d6a57befbdd7346ad4a8d2f7b17dfbf666c18205ee16d08eb2cfefe9ed83084c008053d21be9eabde1ca3383b786a063c78e595d711a96941e7c5252524c56565649579c8e3bb9f8e28b4dfffefd7ff3fd343475eddab55042d3200963e974cfd5eac0f478f16a439bcdd6531e87daedf6bbe5f91ee1e1e1b9111111dba59e149411c487c9c31f755d03fb800103aa641fb56b79cb962d66c78e1deea7764860fa8ac00400f84d0f3ef8e0cdbb76ed9aa6dd70e59d3a40c7827cf6d967263737b7243069cb92e77c377af9f7983163acb123a7121212d2a04b972e852b56acb8490e9ca984a65a1f983cf9c9a2297ca804ec07c2c2c2ced5cbfd838282364ae82e72bf4802d5839a9b74fd861b6e309d3b77aeb2fdd4faaa935b163b26812981c004002893b62cb9c3d2e94c4aa983bdbb76ed6a56af5e5d7a36658bcebeac57ca75ead4a9dcefd9b66ddb86ddba75cb5fbe7cf9cd84a63a15983cf9da6c360d4fda6d375a5e7f8104a543daf22461ea0979deba8c72c89021d674005516307c7cac6eb9628d2530bd589bcbdd97aa0700554767f0deb66d9bdeeea4423378ebfc3872b0b3ced4dddd70ee30a5e344e42078daefd9ab57af801123461c78f3cd3767464747cf94832b639aeaae405906bb5caec1797979ba5de419b8ab52a9f70faaed05496002802a121717d7fcc71f7f7c5faf443a93db9d0c1d3ad4ac5cb9f284e7f492ed1b6fbcb1c2ef999595651dcd242cc5f249d52b2557c757c6bc4bbfa571e3c69e9bfe042600c049c5c7c71f183f7e7c5c7272f2bbbd7af5aaf04cded3a64dd360e39ed7e6f851cf6e3773e7ceb5aea6ab8856ad5ae9eccb4de53d6961aa7d1e2bc76b0ae5b375c9677bc2715eb68be4692b341d3a74a84a43934e62e9218fc0040028fbc8f6d863ef3dfae8a3b92fbef862c2bdf7de7bdadd723ae7d2b7df7e7b42779c75342c2cb4ae42d2b9994eb75b6eeddab5bbdf7efbed46da4dc30d7a6b1fa7d379d2c0249fa75e195724a1a8a13cfa1487ec03f2b84896a97e7e7ef3f3f2f252e567ddf4f53aab7c5506267d7f0fb5fef6284c5c090055ece9a79f9edea2458b9b5f7df5d5c275ebd695fbf73414bdf6da6b262727c7b385a0643d3b3bdb4c9a34a9f499fc6f9280b5fbb9e79e6b24012c96b054271c9350945b5c377c8bc392569899b244356ad4a84b626262544242c29cf8f8786de54971ffe2a64d9baa74c7744a0c0f29042600c029bdf4d24b739a376f3e581e0bd7ac5953aedff9e0830f4e08433a7540c78e1d4f984240af9e9b3e7d7ab9deef871f7ed8f5e28b2f36242cd5293a1753a3e29014af21c9dfdf3f5843922c33b55bd8f3c512ae96b8d73d2ef9af12a5de7f0981090050eed0d4a44993a8575e7925ff54a1293333d3cc9f3fff84c0a43332fffdef7f3fa11b45c7a1ac58b1e294ad05da0d377efcf86672c0bc8db0543768779b2c732430dd2821a98304a4e1c521a9ccf142bebebe73e4c19ad4525b3bf7efdf5f25fba6dd71df7cf38dcbe3a999b5bdbc99870900bc68f5ead51bce3befbce572307176ead4c9c7f39e719e264c9870c28cde7ac5d1edb7df6ece3efb6c6bd1abe6dc3380eb60f00d1b3698cb2fbfdc1a0c7eb2b0a4dd70b27aab76cdf029d46e0e87a35042d22409497f992ad2d2d236a4a4a4946b50756a6aeac1f0f0f04b65f56cad375a5f7482cbca3667ce1cf3dd77dfb9fb8f9749907bb1b6973b810900bc2c3d3d7d538f1e3dbe96d034b863c78ebea543d3b265cbcc175f7c618e1e3d5af29cde0b2e36f6f80c007a6779bd19efae5dbbacb0a4639df406bc3a51e039e79c73c27be998a5e79f7fde1ab32407ad0f29fdda4f02d217b27c5bd6ed4f4e4527b19407a7aefff4d34fa66fdfbe953a81e5b66ddbcc1b6fbc615da4a7db12eefeaefb5bdbcb9d2e3900a806090909f32510ddf8d24b2fe5790e04d7ae8cd75f7fdd1c3e7cf884d78f1c39f284ed51a3469d70e59c76ad4c9e3cf9842e166d597ae18517b465299a6e3878d43d6d654cd6750ddb5207adaeddcaa05dc82fbffc72a1d4cd92d62509f68975a1dc6c541d00a83e43860c19e0e7e7f7d1e8d1a3fdcf6472cbd2b465c91d96349c51d2f0e4743a3bcbc36a533c03b7ce283f76ecd8339a6640c392842f576a6aaa3b5be4d86cb6be52ff36d48532a34b0e00aa9176cf75efde7da5049c211d3b76b4b56bd7ee8c5bfe352c155f0d776b6262e2ff51ca282d2d2ded405858d83609348364d3be6fdf3e1da46d4d845a91ee39ed867be699670a376edc58527fe5bdff226169715d2933021300d490d0b47af5eaa84e9d3ad9cf243469375cf198a55be986c329ea5d9ac3e1d826abd76968d26eb9c58b179bdcdc5c6bfa0a7fff53dfcd44bb907580b78e593a78f06049bd75b95c8f48587fa32e95175d72005043c4c4c45cede3e3336becd8b17ee79f7ffe699fd0d20d878a888e8ed601e0136d365bc9dd72f50202bd95cf85175e685d95a937d2d5ee3aed76d390a493526a8b942c45478f1ef50cf83a1fd43d1296e2eb5a39119800a0868526bbdd3e73cc98310d2eb8e08286e5fd3d8fa903084b386d3aa64902d3db2e976bc019bccd32798f117565cc526974c901400d929696b6313434749518d2a95327d3ae5dbb537e4fbbc352f1d4018c594245eadd0159de77381ce9127a5aca531d4df9afa45f26cb63999999633ffef8e33d75b58c686102801a48af9ef3f5f59d3d66cc185b44444493b25ea7b73b299ec13b9649295159626363db4b001f2cf5ea12d9d4bb3b87c8a2839a74824cbd91aede1b4e6f773253427a467d2813021300d450da3d2767fb3aa6a9a04f9f3e81a57feebe1a4e6f77425802aa165d72005043b9bbe756ae5ce9ecd8b1e3d1b3ce3acbcffd33cfabe198c11b20300140bda6530e48685abd6ad52a67870e1d8e48686ae4396689a90300efa04b0e006a011dd3a4530ef4ebd7efe0b265cb02094b0081090070123aa6c9e572cdb3d96cd730750000004019e2e2e29a530a00000000000000000000000000000000000000000000000000000000000000000000000000000000000000000000000000000000000000000000000000000000000000000000000000000000000000000000000000000000000000000000000000000000000000000000000000000000000000000000000000000000000000000000000000000000000000000000000000000000000000000000000000000000000000000015f3ff77c3831a636d6ec90000000049454e44ae426082, null);
INSERT INTO `ACT_GE_BYTEARRAY` VALUES ('2509', '1', 'new-process.bpmn20.xml', '2508', 0x3c3f786d6c2076657273696f6e3d27312e302720656e636f64696e673d275554462d38273f3e0a3c646566696e6974696f6e7320786d6c6e733d22687474703a2f2f7777772e6f6d672e6f72672f737065632f42504d4e2f32303130303532342f4d4f44454c2220786d6c6e733a7873693d22687474703a2f2f7777772e77332e6f72672f323030312f584d4c536368656d612d696e7374616e63652220786d6c6e733a7873643d22687474703a2f2f7777772e77332e6f72672f323030312f584d4c536368656d612220786d6c6e733a61637469766974693d22687474703a2f2f61637469766974692e6f72672f62706d6e2220786d6c6e733a62706d6e64693d22687474703a2f2f7777772e6f6d672e6f72672f737065632f42504d4e2f32303130303532342f44492220786d6c6e733a6f6d6764633d22687474703a2f2f7777772e6f6d672e6f72672f737065632f44442f32303130303532342f44432220786d6c6e733a6f6d6764693d22687474703a2f2f7777772e6f6d672e6f72672f737065632f44442f32303130303532342f44492220747970654c616e67756167653d22687474703a2f2f7777772e77332e6f72672f323030312f584d4c536368656d61222065787072657373696f6e4c616e67756167653d22687474703a2f2f7777772e77332e6f72672f313939392f585061746822207461726765744e616d6573706163653d22687474703a2f2f7777772e61637469766974692e6f72672f70726f63657373646566223e0a20203c70726f636573732069643d2270726f636573732220697345786563757461626c653d2274727565223e0a202020203c73746172744576656e742069643d227374617274222f3e0a202020203c757365725461736b2069643d226170706c7922206e616d653d22e8afb7e58187e794b3e8afb7222061637469766974693a61737369676e65653d22247b656d706c6f7965657d222f3e0a202020203c73657175656e6365466c6f772069643d227369642d45354631434434332d344341302d344231322d383035362d3035353632413838433739332220736f757263655265663d22737461727422207461726765745265663d226170706c79222f3e0a202020203c757365725461736b2069643d22617070726f766522206e616d653d22e7bb8fe79086e5aea1e689b9222061637469766974693a63616e64696461746547726f7570733d22e983a8e997a8e7bb8fe79086222f3e0a202020203c73657175656e6365466c6f772069643d227369642d39374232393435442d323143302d343041352d384439382d4445414644314145463646362220736f757263655265663d226170706c7922207461726765745265663d22617070726f7665222f3e0a202020203c6578636c7573697665476174657761792069643d22636f6e646974696f6e222f3e0a202020203c73657175656e6365466c6f772069643d227369642d44413638384642352d354336332d343933432d414141412d3134334236303833453035452220736f757263655265663d22617070726f766522207461726765745265663d22636f6e646974696f6e222f3e0a202020203c73657175656e6365466c6f772069643d227369642d43354234304335342d393233442d343830432d414530322d3630463236414145453834332220736f757263655265663d22636f6e646974696f6e22207461726765745265663d226170706c79223e0a2020202020203c636f6e646974696f6e45787072657373696f6e207873693a747970653d2274466f726d616c45787072657373696f6e223e3c215b43444154415b247b61677265653d3d66616c73657d5d5d3e3c2f636f6e646974696f6e45787072657373696f6e3e0a202020203c2f73657175656e6365466c6f773e0a202020203c656e644576656e742069643d2273746f70222f3e0a202020203c73657175656e6365466c6f772069643d227369642d37413637304633362d413531332d343334442d394338302d3142354437373742353932302220736f757263655265663d22636f6e646974696f6e22207461726765745265663d2273746f70223e0a2020202020203c636f6e646974696f6e45787072657373696f6e207873693a747970653d2274466f726d616c45787072657373696f6e223e3c215b43444154415b247b61677265653d3d747275657d5d5d3e3c2f636f6e646974696f6e45787072657373696f6e3e0a202020203c2f73657175656e6365466c6f773e0a20203c2f70726f636573733e0a20203c62706d6e64693a42504d4e4469616772616d2069643d2242504d4e4469616772616d5f70726f63657373223e0a202020203c62706d6e64693a42504d4e506c616e652062706d6e456c656d656e743d2270726f63657373222069643d2242504d4e506c616e655f70726f63657373223e0a2020202020203c62706d6e64693a42504d4e53686170652062706d6e456c656d656e743d227374617274222069643d2242504d4e53686170655f7374617274223e0a20202020202020203c6f6d6764633a426f756e6473206865696768743d2233302e30222077696474683d2233302e302220783d2234352e302220793d2237352e30222f3e0a2020202020203c2f62706d6e64693a42504d4e53686170653e0a2020202020203c62706d6e64693a42504d4e53686170652062706d6e456c656d656e743d226170706c79222069643d2242504d4e53686170655f6170706c79223e0a20202020202020203c6f6d6764633a426f756e6473206865696768743d2238302e30222077696474683d223130302e302220783d223135302e302220793d2234352e30222f3e0a2020202020203c2f62706d6e64693a42504d4e53686170653e0a2020202020203c62706d6e64693a42504d4e53686170652062706d6e456c656d656e743d22617070726f7665222069643d2242504d4e53686170655f617070726f7665223e0a20202020202020203c6f6d6764633a426f756e6473206865696768743d2238302e30222077696474683d223130302e302220783d223331352e302220793d2234352e30222f3e0a2020202020203c2f62706d6e64693a42504d4e53686170653e0a2020202020203c62706d6e64693a42504d4e53686170652062706d6e456c656d656e743d22636f6e646974696f6e222069643d2242504d4e53686170655f636f6e646974696f6e223e0a20202020202020203c6f6d6764633a426f756e6473206865696768743d2234302e30222077696474683d2234302e302220783d223334352e302220793d223138302e30222f3e0a2020202020203c2f62706d6e64693a42504d4e53686170653e0a2020202020203c62706d6e64693a42504d4e53686170652062706d6e456c656d656e743d2273746f70222069643d2242504d4e53686170655f73746f70223e0a20202020202020203c6f6d6764633a426f756e6473206865696768743d2232382e30222077696474683d2232382e302220783d223531302e302220793d223138362e30222f3e0a2020202020203c2f62706d6e64693a42504d4e53686170653e0a2020202020203c62706d6e64693a42504d4e456467652062706d6e456c656d656e743d227369642d44413638384642352d354336332d343933432d414141412d313433423630383345303545222069643d2242504d4e456467655f7369642d44413638384642352d354336332d343933432d414141412d313433423630383345303545223e0a20202020202020203c6f6d6764693a776179706f696e7420783d223336352e31373331363031373331363031372220793d223132352e30222f3e0a20202020202020203c6f6d6764693a776179706f696e7420783d223336352e343133303433343738323630392220793d223138302e3431333034333437383236303837222f3e0a2020202020203c2f62706d6e64693a42504d4e456467653e0a2020202020203c62706d6e64693a42504d4e456467652062706d6e456c656d656e743d227369642d45354631434434332d344341302d344231322d383035362d303535363241383843373933222069643d2242504d4e456467655f7369642d45354631434434332d344341302d344231322d383035362d303535363241383843373933223e0a20202020202020203c6f6d6764693a776179706f696e7420783d2237352e302220793d2239302e30222f3e0a20202020202020203c6f6d6764693a776179706f696e7420783d223131322e352220793d2239302e30222f3e0a20202020202020203c6f6d6764693a776179706f696e7420783d223131322e352220793d2238352e30222f3e0a20202020202020203c6f6d6764693a776179706f696e7420783d223135302e302220793d2238352e30222f3e0a2020202020203c2f62706d6e64693a42504d4e456467653e0a2020202020203c62706d6e64693a42504d4e456467652062706d6e456c656d656e743d227369642d37413637304633362d413531332d343334442d394338302d314235443737374235393230222069643d2242504d4e456467655f7369642d37413637304633362d413531332d343334442d394338302d314235443737374235393230223e0a20202020202020203c6f6d6764693a776179706f696e7420783d223338352e302220793d223230302e30222f3e0a20202020202020203c6f6d6764693a776179706f696e7420783d223531302e302220793d223230302e30222f3e0a2020202020203c2f62706d6e64693a42504d4e456467653e0a2020202020203c62706d6e64693a42504d4e456467652062706d6e456c656d656e743d227369642d43354234304335342d393233442d343830432d414530322d363046323641414545383433222069643d2242504d4e456467655f7369642d43354234304335342d393233442d343830432d414530322d363046323641414545383433223e0a20202020202020203c6f6d6764693a776179706f696e7420783d223335332e313331363732353937383634382220793d223139312e3836383332373430323133353234222f3e0a20202020202020203c6f6d6764693a776179706f696e7420783d223235302e302220793d223131392e3839343235393831383733313131222f3e0a2020202020203c2f62706d6e64693a42504d4e456467653e0a2020202020203c62706d6e64693a42504d4e456467652062706d6e456c656d656e743d227369642d39374232393435442d323143302d343041352d384439382d444541464431414546364636222069643d2242504d4e456467655f7369642d39374232393435442d323143302d343041352d384439382d444541464431414546364636223e0a20202020202020203c6f6d6764693a776179706f696e7420783d223235302e302220793d2238352e30222f3e0a20202020202020203c6f6d6764693a776179706f696e7420783d223331352e302220793d2238352e30222f3e0a2020202020203c2f62706d6e64693a42504d4e456467653e0a202020203c2f62706d6e64693a42504d4e506c616e653e0a20203c2f62706d6e64693a42504d4e4469616772616d3e0a3c2f646566696e6974696f6e733e, '0'), ('2510', '1', 'new-process.process.png', '2508', 0x89504e470d0a1a0a0000000d4948445200000224000000e60806000000e54c9ee600001a634944415478daeddd097854e5bdc7f1a058c515af685dd0a2e873b9d7fd8ad65aabd4a52e57a24587c39949424c69523744101faab5504011b98afbadc5d64ab1687141111108882c8262a952111505592210e4a22020457deffb3b9d939e0c33219364e60c33dfcff3fc9f4c6609e399bffff39ff7bce73d4545000000000000000000000000000000000000000000000000000000000000000000000000000000000000000000000000000000000000000000000000000000000000000000000000000000000000000000000000000000000000000000000000000000000000000000000000000000000000000000000000000000000000000000000000000000000000000000000000f9c818d37ae9d2a5e3e6cd9bf7cdb469d3ccd4a953892c477575b5993973e667364ac84872929c04509054f867cd9a656a6b6bcdb66ddb889062ddba75e6b5d75efbc2ee08ae2227c949721240c1d1b7500a7fceec00b6d96fa78bc94972929c04507034244ee1cd9db0c57f3b39494e9293000a8e8e17537473aaf81b72929c24270150fc53c4979faf364be73f6e16550ff642b7751f059be24f4e9293009095e2bf69438d7977f2ede69d89fdeb85eed363146d8a3f39494e0240c68bffca452fee50f8fd58b56802459be24f4e92930090f9e2bff8d5e1298bbf1ea36853fcc949721200325efcdf9d3a2865f1d763146d8a3f39494e0200c59fe24f4e9293e42480fc2ffe3a832155f1d763146d8a3f39494e0240c68bff92390fa52cfe7a8ca24df12727c94900c878f15f5fb3d0bc3b65e08e43e3f63e3d46d1a6f89393e4240064bcf82b96bd357a87e2affb28d8147f72929c0480ec14ffafbe324b5effdf1d87c6ed7d7a8ca24df12727c94900c868f1d7aa971fce7930e5f17a3dc6ca98147f72929c0480cc147ffb2d73f592e9e6efafdc9ab2f0fba1e7e8b97c33a5f89393e42400b458f1dfd93750be9952fcc949721200325efc1bf30db4a16fa614718a3f39494e0240b38b7f530bbf1f14718a3f39494e0240b38b3f41f1272709721200c59fe24f4e920be424008a3f41f1272709721200c59fe24f4e920be424008a3f41f1272709721200c59fe24f4e920be424008a3f41f1272709721200c59fe24f4e920be424008a3f41f1272709721205c718b3d7c2850bab9e78e289d7eebaebae2f7af7eebdbdbcbcdcf4e8d1c39494947c7bcd35d76cbbedb6db960e1f3e7c8c8d7f678b51fc29fee424414e022dda883cfbecb3a3870c19b2bd4f9f3ee6d1471f35f3e6cd3335353566ebd6ad46f4b3b6b6d6fcf5af7f35b6613137de78e3b737dd74d327959595bdd882147f8a3f3949909340b3d8c6a362e8d0a15ff5efdfdf6b36befefa6bd3586fbffdb6193060c0d75555558b2391c8b16c4d8a3fc59f9c24c84920dd5191d62fbcf0c2f45ffce21766c28409693522895e79e515535151b185d1128a3fc59f9c24c84920ad6664c68c196fde70c30de6c30f3f342de1934f3e31b6b9d9d2ab57afebd8c2147f8a3f39499093c04e696444cd88e684b424fdbdcacaca4daeeb96b095ffc56e8fa936cea6f853fcc949829c04e234674487695a6a6424d948495959d9065bec3ab1b5ff49672929b413701ce74c8a3fc59f9c24c84914faa19abd060f1ebc4d73463269e2c4895b62b1d85cb678fde21f8849c9be9d52fc29fee42441438282f0fcf3cf3fa9b369fef18f7f984cbbf6da6bd770e82665f1affb761adc0950fc29fee42441438282181dd13a233ab5371bde79e79d6d8c92345cfc83df4e356c9e2bc57fcb962de6cb2fbf4cfad8a64d9b427f0f14fffccf497dfe99fe37d6ae5d9bf231adbb94ad5c27275170b402ab26b236e7f4de74555454acb185adc32e588c4389308aff6f7ef31b3374e850eff6430f3d64468e1c69ba75eb664e38e104efb642f38df4b86d32cdc1071f6c7efdeb5f9bae5dbb7af1e0830f7acff77ffff4d34f77f83734d979f7dd77f7e61735f73d643372354ff23d27d7ac59630e39e410f3f1c71f9b2953a6984824522fc68e1deb3deff5d75f37f7df7f7fbdf0f330189f7df699b7c8e3b871e3ea4223c5fbefbfbff9cb5ffe52ef7ebf4979f9e597cd71c71de7dd3ef6d863bdeda02649dfed3efae8231a12a039b41cfc638f3d66b2c9ee48deb645ede65c6c4872a4019a6fbf855ed6a54b97d6610d8fbff1c61be6bbdffdaeb9fbeebbbd46a35fbf7ee6bcf3ce331d3b76f46edf7cf3cd66d1a245de73afbffe7a73da69a799582c662ebffc72535c5c6caaaaaabc957b955b2ad6cb962df39efbd24b2f794d86e257bffa95f7d82db7dc52779f1e6fca7ba0f8e77f4ede73cf3de6c73ffeb1777bc1820566c488115e280f5ab56a659e7aea29efb13ffff9cfe6acb3ce326ddab4313ffde94fcdd5575fed3520cab3c30f3fdc3cf9e4935edea949d67f879e77fef9e7a78c3df6d8c3cc9933c7ac5fbfdefce10f7f301d3a74f09ae8a38e3aca4c9e3c9986046829ba368d9683cf26fb0de6135be026d090345cf47d610d8f6bf461f5ead5e6befbee33c71c738c69d7ae9dd97befbdbddba79f7ebaf79ccf3fffdcb46ddbd6dc7aebad5e43d2ab572f6f07a08644ef5b053bd8905456569a934e3ac97b5e595999f758341af57ed7fd7a3cddf740f12f8c9cecd4a993a9aeae36d75d779dd720e83e3515c71f7fbcb9e0820bea3d5713f48f3cf248ef76efdebdcdf7bfff7d6f14e5a0830ef21a13bf21993973a639fbecb3eb5ef7c5175f78231fab56adaabbef9c73ce317ffbdbdfcca851a3bc113dbdf6d4534fdda12199346992d65c6af0900f3909344017ca53c1cfa6356bd6d4da42b79286a4aee8cf755df78ac4a21f56f11f326488b7b3ffe10f7fe87d13bdf2ca2bbd38e59453cc61871d56f7bb463f54a4558cf51a35241ad138f1c413bdc32d2ada7a8dc22ff06a3854b457ae5c69de7df75defb56fbef9a6f7bbeef71b9274de03c53fff735279b6df7efbe9629edee1411d6a79e49147bca643f9a646e3e9a79fae9bcf3466cc186f34444d871a921ffde847a6b4b4d47bede0c183eb1a123d5f4dc5befbee5b177a6c9f7df6a9fb5d237dfefb081eb25143a2bfa7bfafd7e8b9ca61bff926278134e9aabdfe85f2b245ff9e2d785b6948927ffb0cbbf8ab4178e08107cc9e7beee98d4ee818bce619054323220b172e343ffff9cfbd63ee7e43a28b30befffefb66eedcb97543ea8aa54b97d635247bedb59739f0c003bd91151572fdd4efbadf6f48d2790f14fffccf498d64e8109f9a92871f7ed86b9a74e84e733df4f833cf3ce33df6dc73cf79734994570adda786e1a28b2ef27e1e7ae8a1e677bffb5dbd86444dc6d1471fed1d8659bc78b1f798468df5fb99679e59afe9d5733582a243856a4874184939a8d784918b3424c8bb6f4461c8d5c97ab9f81985313cfede7bef79cd806e6b47a06f85fe363af7dc73bd89a5fe21154d34f51b12bd460d8a2607b66edddafb56aa6f9bb367cfae6b48faf6ed5b37a95585dc9fd4aafb83876c1afb1e28fe8591931ad9b08d92d7ac6a52ebbdf7deeb4d9ef643a3727ade575f7d65c68f1f6fdab76f6f366fde6cfef8c73f7a39a3432fca4d3f873427c46f32340745cd4b708444bfeb108ddf9068b2ace648e971dbb431870468693d7bf6fc36db2324f67fe035b9384242f1dfb121516ea819d0d0b47ff845df4c83cd40b021d14ec3bfff273ff98977bfbe7d6a27e137241a66d78e45c3e82ae49a80a8df757fb286a431ef81e29fdf39a97f4f934b0f38e00073f2c9277b87672ebdf45273c6196778236bbaadc339897348d424bcfaeaabde211c35bc3adca7db0a8dbcf90d89e62469c4442379ca491d26d4efca4dbf21d1fc153524ca3dff900d0d09d0826eb8e1866dd99e4362ff47ff2017e79050fceb3724da01a8d0df76db6de6073ff88119366c98179ab49aaa21d16b34e954673ae88c84dd76dbadeed45d858eb1eb2c1c9de9e00f9debdbad7e775dd73b63a229ef81e29fdf39a979197ffad39fccf2e5cbbd66c39f93a4b3b28e38e2887acfd5e142e5a2724fcdc3c08103bd49af6a6435f2a1db0acd61f21b12ff104fb2483c64139c4392d890fcf297bff44e1326278126b8fdf6db9764fb2c1bfb3ff1cbb978960dc5ff5f3171e244afc8ea6c19cdd5083603fa269aaa215143a19d878ea7ebb08afe861a0aad21916c1d92e0219be6bc078a7f7ee7a4462c347aa6b3ac34595a8761345764c08001de8456dd567cf0c107de4fcd31d27bdcb06183f753a1d13b8d9af8bffba78c6b1d1d35bc5a70cfcfc9254b9678bfebec2eff8c1e8dd4a9d15643b262c50aeff04ef7eeddcd9d77dee9bd4623311af51b3d7a34390934c58811231ecbf63a24f61bcbc45c5c8784e2ffaf50b1d6c263fefc8d6baeb9c6bbfde28b2f7ac7d62b2a2a1a3c64a35329759c5d7f470d89fe46ba0d493aef81e29fdf39a91a75d34d37798d897ed767dfb973e71d2271744267e368942459d82f633bfc3b6a6052e5a426ce6aae8946e734c956eb91680d1e352c175e78a1f7baef7def7bde280e390934812df41dedff54df6471a5d6add168f4e35c5ca995e29f3c7448cf1f22d7f074e268878ebbabf0ab10fbc7e5d7ad5b57f7b8e68f687d87c4bfabfbf577f5cdb3b9ef81e25f583999a9504e6ad26cb2cb13ec2cef94e3fe5c29721268a2be7dfb7e94ad6bd94c9e3c798c6d4666b1d529fe5cc88c9c24c849a09e9ffdec67917efdfa6dcfc228c9866834ba80abfd52fc29fee424414e02495555552dd4ecf54cd27c158d8eec6cd12550fc29fee424414ea240694e474545c5162d7495090b172e7cc1fe1bab5dd7edc4d6a6f853fcc949829c04522a2929895555556dd6d90f2d69d5aa55b3a3d1e8720ed550fc29fee424414e028d128bc52a2a2b2b37b5d448894646d48c388e3380ad4bf1a7f89393043909349a6d1e7a9494947c317efcf82f9b31d175c33df7dcf3b80ed3d82867ab52fc29fee424414e0269d39c9268343aadaaaa6acd82050bb6a4b3cec8942953c6da8666be26b0326784e24ff127270972126889c6e42a3526e5e5e5b577dd75d7a2d9b3672fafa9a959ed5f904f17cad3b569aaabab5f1a3468d0a4582cb6548d884645389b86e24ff127270972126851b6d168efba6e1fdb688cb3b14c57eb8d5fc65b3f57eada345a0e9e155829fe147f729220270150fc098a3f39494e0200c59fe24f4e12e424008a3f41f12727c94900a0f853fcc949829c0440f12728fee424390900147f8a3f394990930028fe04c59f9c24270180e24ff1272709721200c59fa0f89393e4240050fc29fee424414e02a0f813147f72929c04008a3fc59f9c24c84900147f82e24f4e92930040f1cff7983469120d093949430280e24f84171b376e34a5a5a5a6478f1e1f398ef3bcfd39c475dd2b6c74b2d18e9c2468480050fc89acc4a851a3d4907c6bc32489d53626d978dc36287dc84982860440de98366d1a45377762ab2dfedb6db3f1448a862418e5e42491ad9ca45202c8b8993367aeaeadada5f0e640d4d4d43c658bff621da2b10dc7d6069a91b95dba74694d4e12d9ca492a25808c9b3e7dfae53366ccf87ceddab55b28c0e17d0b55e1afaeae5e6ee32a7d2eb6291996a219d9a486859c24b29d93009071b6e05c66bf05cdd7d0ac8e1713590f6df7c5c1c25f5e5eded6361feb121b12db8cbc545959b9073999fba1cf2b9f72120050a06cf3d12ba11999627fbe64e3ad7c1f25c907faccd80a00805d9ee689d89ddab27843b22e12891c1adfd155daa8b5711d5b89860400806cecd4aed28ecd719c1ec1fba3d1e871f6fe793a0db8a4a4e430b6140d09000099deb10d4a76564d7c0465a08d35aeeb5ec996a22101002034d168f40cbbf3fb500ba6151717efc716a12101002014a5a5a5fb388ef35bbb135ceabaeed96c111a120000c2dc09feb78d4fb58e49219c1e4c430200408e8a442207db9de1781b0becedff648bd0900000109af83a263a3db8b7fdb5155b848604008050388ed3d1ee185fb7a145d50e678bd0900000108a4824b2bbdd39deaed3836d8312618bd090000010e60eb2b3ebbaefdb9fa363b1d8fe6c111a12000042d1b56bd7bd1dc779584bd277efdefd1cb6080d090000a1b14dc925768759637f0e8f4422df618bd0900000100ad775dbd99de67336deb6b78f678bd0900000101ac771aed6e9c1b629e953c4e9c134240000842512891c6d77a0b36d54c762b1f66c111a120000c26a4a747af0ad36d6da70d8223424000084c6719cffb23bd3c5aeeb8eb14dca016c111a12000042611b91367687faa08de536bab04568480000084d341abdc8ee5857398ef33f975c72c99e6c111a1200004251565676906d489eb13bd87762b1d8896c111a12000042e3ba6ecff8e9c1fd8a383d98860400801077b21d6cccb44dc974fbf348b6080d090000a1183468d06e8ee30c889f1e1c658bd090000010e60ef754d77517d9185b5e5ede962d4243020040286c23b2976d48eeb33bdf1536ce678bd0900000101adb945c6877c02b6ddccbe9c13424000084261289fc9bdd093f6de3ef8ee39c4c434243020040685cd72dd1e9c1b629e9af09b03424000020149148e428bb439ea1d06d1a120000108af8e9c1fde38ba995d090000080d0683e89e695687e89e699d09000008050e8cc1b9d81a3337174460e0d090000088d6d46ce8baf5972bfd630a121010000a1d0aaae5add55abbc6ab5571a12000010e60e3baaebe1e8ba38f9787a300d090000bbce4efbc8f8958367ea4ac234240000202cad6c53d22f7e7a704f1a120000109a582c76a2dd89bfe338ce3365656507d19000008050c44f0f1e616355341abd888604000084b933ef62e3131b0f46229136342400002014b61139c075dd3176c7be381a8d9e4643020000c2dcb13b3a3dd8c6adb649d99d860400008422168bb5b73bf86a1bb36d5372740e361f13d480ec24e6f3490200b0ebd3e9c17d747ab0e33857e75843d2d9c6f6861a12fb9e2fe3230400204fd8a6e478bb837fdbc673f676bb1c6a4a2635d090ccedd2a54b6b3e3d0000f2482412f98ee338c3ed8ebec6febc24471a92cea91a12db385dc1a70600409eeadebdfb397687bfccc6235dbb76dd3b079a92647349e6333a0200409e8bc562fbdb9dfe68d775dfd72845c80dc90e7349983b02004001b13bfe886d00d6d8b83dccd383edfb789ed11100000a986d000eb731d9c6ebb631e8185243726660eec8c57c2a000014a656b619e81dbf7a70af901a236f2e09a32300001438c771fec336050b6cbc1089440ece7243d2b95bb76eacd40a00008a8a2a2b2bf7b0cdc19d363ecdf2e4521daa31f19f000000de626a67dba664a96d4a7e5b5a5aba4f86ffb90b6c6cb03132fe93b36c0000c03f151717ef679b92c76d7c188d46cfc87033e237211a21594753020000ea711ca75bfcf4e0812d3ce934b119d9d9fd0000a0909594941c16bff6ccbc68347a5c0bfcc98b77d274f88f33a7040000d4671b92eb747ab08dca16684676d66c30528216178bc5da3b8e73bdcde1713696d8d8145f0767ab2eab105fa8ef663d8fad050039cc75dd4eb660bfa5b5434a4b4b0f49f3e51714a537f291eef38154797b858da936b6357095e9c478d53ebf84ad0700394aa707db423d54a707db284eb3b94877c443afdb445382a6b0f9d9c1e6ea2b693421c9625624123996ad0900b95beccfb2f1b1e338a376727a70730fbf70f80669b379d9231a8dfe5fb0b988c56266d8b06166faf4e966c58a1566e3c68d46366fde6c6a6a6acc9c3973ccc891238dcde7c4a66413a3250090c3ec37c77d6db1febd8ec7ebba34499eb2b309ac8dd5527f0785d18c5c661b88af838dc89831634c6d6dad698c0d1b3678cfd7eb828d49589757000034928ed1db82bddac6e0c0e9c12d7db60c2325684c33d223d88cf4eddbd71b0d690abdae7ffffe894d0923250090cb2291c8a1766730d116ed373b76ec589ed08cb4b2d133fe331d89af63a22b52d29c91e0619a810307d61d96692a1dceb9e38e3b120fdf74626b03408e3bf7dc73ef2f2e2efea64d9b3657069a8adf17fdf37a35bf4fa32949f53a9a1224659b91eae0c848739b916053923052328bad0d00b9cd6b1602cd48517c84c304a2314d49b019f1a32cf038734a504ffcb061dd9c91a61ea669e8f04d704e09876e002077a56a129235170d3525c99eff5892e733a704c18664aadf2c68426a268c1d3b96511200d8459a918bd368329235258d6d46129b120edfe471a3a12b5037f41cadacea4f64d528c6faf5eb33d290e8ec9b8453823bf0090140ee686c53b0b3a624dd6624f8ef7395e03c1538443235c5a9e545f1e5e0bde7dd7df7dd2693b44e49a021b9994f080072ab19696c3390aa29d9ad89cd48e2080d4d499e3624819894386212bf368df7f88c193332da9068f1b4c07b99c0270400bb5e33d25053f241339a91e6be1fec5a0d49dd8889df98c42f94e7dddfd29359136945d7c0fb58c9270400e16aee8844b2a6a439cd486253c29c923c6f4882232636b6f8bfb7d4a9be0d9d021cf8b7b7f209014078dac61b8791cdfc3bbb251919f9207e7f738c6ce6c5d4885d38b221f8ef510e00203746489a3a12d1d008493a8ba7314252b82324f375cd1a5daa40aba732420200854b3bff4d45999943d294a684392485d190d4352281e730870400684ad21a9148756a6fb2b36cd2694a38cb26ff1b92b95a8d35d888049ec359360080468f4cec6c9d91745774f5752e621d927c6e4876181149c43a240080c68e503476d1b3749b12ffb0d1157c04854b2bb5dae6607b36566a2d2929f996955a0160d71c29497705d6c63625febf473302ae650300d861a424f1f049cfa2f4d719e16abf48b721c9f8d57ea3d1e8b75ced170076ada62438d135d85ca4b3e859aad7716a2f92b28dc2ab7ec3d0b76fdf163b0558a7faf6ebd7efebe0e84843735a0000b923f1f04dabf80847baa7f226beaeb9eb9f20bf1b920e36d6f98dc3c081039bdd94a819b9e38e3b82f34636b9aedb89ad0d00bb6e53d25cc90e0701f5388ed3c39fe0ea8f9434f5f08d5e973032c2a11a0028f0a68445cfd068b671280f36259a53a289ae3a4ba6b167d368026b70ce88c2363b03d8ba00b0eb6aee61160ed3206d1a29b1b121d850a831d13a255a3c4da31ffee11c1d96d10aac5af4ec81071e303d7bf6fc266175582d4d5fce560580fc694ad21de160022b9a4c734a82a70337316631670400f24bba875d384c83966a4cae8a3726dbd36944342ac2d9340050d84d899683670556b428ade86a1b933ef16bdf2cd3d57afdabf6ea4279ba368d968367055600280c17c79b8d8b1b787c1dcd080000c8b45423251ca6010000a136253423000020d4a66424cd0800000893e68c98224eed050000216bcb260000000000000000000000000000000000000000000000000000e4a3ff07d4428780e5b13aa60000000049454e44ae426082, '1'), ('2513', '1', '请假流程.bpmn20.xml', '2512', 0x3c3f786d6c2076657273696f6e3d27312e302720656e636f64696e673d275554462d38273f3e0a3c646566696e6974696f6e7320786d6c6e733d22687474703a2f2f7777772e6f6d672e6f72672f737065632f42504d4e2f32303130303532342f4d4f44454c2220786d6c6e733a7873693d22687474703a2f2f7777772e77332e6f72672f323030312f584d4c536368656d612d696e7374616e63652220786d6c6e733a7873643d22687474703a2f2f7777772e77332e6f72672f323030312f584d4c536368656d612220786d6c6e733a61637469766974693d22687474703a2f2f61637469766974692e6f72672f62706d6e2220786d6c6e733a62706d6e64693d22687474703a2f2f7777772e6f6d672e6f72672f737065632f42504d4e2f32303130303532342f44492220786d6c6e733a6f6d6764633d22687474703a2f2f7777772e6f6d672e6f72672f737065632f44442f32303130303532342f44432220786d6c6e733a6f6d6764693d22687474703a2f2f7777772e6f6d672e6f72672f737065632f44442f32303130303532342f44492220747970654c616e67756167653d22687474703a2f2f7777772e77332e6f72672f323030312f584d4c536368656d61222065787072657373696f6e4c616e67756167653d22687474703a2f2f7777772e77332e6f72672f313939392f585061746822207461726765744e616d6573706163653d22687474703a2f2f7777772e61637469766974692e6f72672f70726f63657373646566223e0a20203c70726f636573732069643d2270726f636573732220697345786563757461626c653d2274727565223e0a202020203c73746172744576656e742069643d227374617274222f3e0a202020203c757365725461736b2069643d226170706c7922206e616d653d22e8afb7e58187e794b3e8afb7222061637469766974693a61737369676e65653d22247b656d706c6f7965657d222f3e0a202020203c73657175656e6365466c6f772069643d227369642d45354631434434332d344341302d344231322d383035362d3035353632413838433739332220736f757263655265663d22737461727422207461726765745265663d226170706c79222f3e0a202020203c757365725461736b2069643d22617070726f766522206e616d653d22e7bb8fe79086e5aea1e689b9222061637469766974693a63616e64696461746547726f7570733d22e983a8e997a8e7bb8fe79086222f3e0a202020203c73657175656e6365466c6f772069643d227369642d39374232393435442d323143302d343041352d384439382d4445414644314145463646362220736f757263655265663d226170706c7922207461726765745265663d22617070726f7665222f3e0a202020203c6578636c7573697665476174657761792069643d22636f6e646974696f6e222f3e0a202020203c73657175656e6365466c6f772069643d227369642d44413638384642352d354336332d343933432d414141412d3134334236303833453035452220736f757263655265663d22617070726f766522207461726765745265663d22636f6e646974696f6e222f3e0a202020203c73657175656e6365466c6f772069643d227369642d43354234304335342d393233442d343830432d414530322d3630463236414145453834332220736f757263655265663d22636f6e646974696f6e22207461726765745265663d226170706c79223e0a2020202020203c636f6e646974696f6e45787072657373696f6e207873693a747970653d2274466f726d616c45787072657373696f6e223e3c215b43444154415b247b61677265653d3d66616c73657d5d5d3e3c2f636f6e646974696f6e45787072657373696f6e3e0a202020203c2f73657175656e6365466c6f773e0a202020203c656e644576656e742069643d2273746f70222f3e0a202020203c73657175656e6365466c6f772069643d227369642d37413637304633362d413531332d343334442d394338302d3142354437373742353932302220736f757263655265663d22636f6e646974696f6e22207461726765745265663d2273746f70223e0a2020202020203c636f6e646974696f6e45787072657373696f6e207873693a747970653d2274466f726d616c45787072657373696f6e223e3c215b43444154415b247b61677265653d3d747275657d5d5d3e3c2f636f6e646974696f6e45787072657373696f6e3e0a202020203c2f73657175656e6365466c6f773e0a20203c2f70726f636573733e0a20203c62706d6e64693a42504d4e4469616772616d2069643d2242504d4e4469616772616d5f70726f63657373223e0a202020203c62706d6e64693a42504d4e506c616e652062706d6e456c656d656e743d2270726f63657373222069643d2242504d4e506c616e655f70726f63657373223e0a2020202020203c62706d6e64693a42504d4e53686170652062706d6e456c656d656e743d227374617274222069643d2242504d4e53686170655f7374617274223e0a20202020202020203c6f6d6764633a426f756e6473206865696768743d2233302e30222077696474683d2233302e302220783d2234352e302220793d2237352e30222f3e0a2020202020203c2f62706d6e64693a42504d4e53686170653e0a2020202020203c62706d6e64693a42504d4e53686170652062706d6e456c656d656e743d226170706c79222069643d2242504d4e53686170655f6170706c79223e0a20202020202020203c6f6d6764633a426f756e6473206865696768743d2238302e30222077696474683d223130302e302220783d223135302e302220793d2234352e30222f3e0a2020202020203c2f62706d6e64693a42504d4e53686170653e0a2020202020203c62706d6e64693a42504d4e53686170652062706d6e456c656d656e743d22617070726f7665222069643d2242504d4e53686170655f617070726f7665223e0a20202020202020203c6f6d6764633a426f756e6473206865696768743d2238302e30222077696474683d223130302e302220783d223331352e302220793d2234352e30222f3e0a2020202020203c2f62706d6e64693a42504d4e53686170653e0a2020202020203c62706d6e64693a42504d4e53686170652062706d6e456c656d656e743d22636f6e646974696f6e222069643d2242504d4e53686170655f636f6e646974696f6e223e0a20202020202020203c6f6d6764633a426f756e6473206865696768743d2234302e30222077696474683d2234302e302220783d223334352e302220793d223138302e30222f3e0a2020202020203c2f62706d6e64693a42504d4e53686170653e0a2020202020203c62706d6e64693a42504d4e53686170652062706d6e456c656d656e743d2273746f70222069643d2242504d4e53686170655f73746f70223e0a20202020202020203c6f6d6764633a426f756e6473206865696768743d2232382e30222077696474683d2232382e302220783d223531302e302220793d223138362e30222f3e0a2020202020203c2f62706d6e64693a42504d4e53686170653e0a2020202020203c62706d6e64693a42504d4e456467652062706d6e456c656d656e743d227369642d44413638384642352d354336332d343933432d414141412d313433423630383345303545222069643d2242504d4e456467655f7369642d44413638384642352d354336332d343933432d414141412d313433423630383345303545223e0a20202020202020203c6f6d6764693a776179706f696e7420783d223336352e31373331363031373331363031372220793d223132352e30222f3e0a20202020202020203c6f6d6764693a776179706f696e7420783d223336352e343133303433343738323630392220793d223138302e3431333034333437383236303837222f3e0a2020202020203c2f62706d6e64693a42504d4e456467653e0a2020202020203c62706d6e64693a42504d4e456467652062706d6e456c656d656e743d227369642d45354631434434332d344341302d344231322d383035362d303535363241383843373933222069643d2242504d4e456467655f7369642d45354631434434332d344341302d344231322d383035362d303535363241383843373933223e0a20202020202020203c6f6d6764693a776179706f696e7420783d2237352e302220793d2239302e30222f3e0a20202020202020203c6f6d6764693a776179706f696e7420783d223131322e352220793d2239302e30222f3e0a20202020202020203c6f6d6764693a776179706f696e7420783d223131322e352220793d2238352e30222f3e0a20202020202020203c6f6d6764693a776179706f696e7420783d223135302e302220793d2238352e30222f3e0a2020202020203c2f62706d6e64693a42504d4e456467653e0a2020202020203c62706d6e64693a42504d4e456467652062706d6e456c656d656e743d227369642d37413637304633362d413531332d343334442d394338302d314235443737374235393230222069643d2242504d4e456467655f7369642d37413637304633362d413531332d343334442d394338302d314235443737374235393230223e0a20202020202020203c6f6d6764693a776179706f696e7420783d223338352e302220793d223230302e30222f3e0a20202020202020203c6f6d6764693a776179706f696e7420783d223531302e302220793d223230302e30222f3e0a2020202020203c2f62706d6e64693a42504d4e456467653e0a2020202020203c62706d6e64693a42504d4e456467652062706d6e456c656d656e743d227369642d43354234304335342d393233442d343830432d414530322d363046323641414545383433222069643d2242504d4e456467655f7369642d43354234304335342d393233442d343830432d414530322d363046323641414545383433223e0a20202020202020203c6f6d6764693a776179706f696e7420783d223335332e313331363732353937383634382220793d223139312e3836383332373430323133353234222f3e0a20202020202020203c6f6d6764693a776179706f696e7420783d223235302e302220793d223131392e3839343235393831383733313131222f3e0a2020202020203c2f62706d6e64693a42504d4e456467653e0a2020202020203c62706d6e64693a42504d4e456467652062706d6e456c656d656e743d227369642d39374232393435442d323143302d343041352d384439382d444541464431414546364636222069643d2242504d4e456467655f7369642d39374232393435442d323143302d343041352d384439382d444541464431414546364636223e0a20202020202020203c6f6d6764693a776179706f696e7420783d223235302e302220793d2238352e30222f3e0a20202020202020203c6f6d6764693a776179706f696e7420783d223331352e302220793d2238352e30222f3e0a2020202020203c2f62706d6e64693a42504d4e456467653e0a202020203c2f62706d6e64693a42504d4e506c616e653e0a20203c2f62706d6e64693a42504d4e4469616772616d3e0a3c2f646566696e6974696f6e733e, '0'), ('2514', '1', '请假流程.process.png', '2512', 0x89504e470d0a1a0a0000000d4948445200000224000000e60806000000e54c9ee600001a634944415478daeddd097854e5bdc7f1a058c515af685dd0a2e873b9d7fd8ad65aabd4a52e57a24587c39949424c69523744101faab5504011b98afbadc5d64ab1687141111108882c8262a952111505592210e4a22020457deffb3b9d939e0c33219364e60c33dfcff3fc9f4c6609e399bffff39ff7bce73d4545000000000000000000000000000000000000000000000000000000000000000000000000000000000000000000000000000000000000000000000000000000000000000000000000000000000000000000000000000000000000000000000000000000000000000000000000000000000000000000000000000000000000000000000000000000000000000000000000f9c818d37ae9d2a5e3e6cd9bf7cdb469d3ccd4a953892c477575b5993973e667364ac84872929c04509054f867cd9a656a6b6bcdb66ddb889062ddba75e6b5d75efbc2ee08ae2227c949721240c1d1b7500a7fceec00b6d96fa78bc94972929c04507034244ee1cd9db0c57f3b39494e9293000a8e8e17537473aaf81b72929c24270150fc53c4979faf364be73f6e16550ff642b7751f059be24f4e9293009095e2bf69438d7977f2ede69d89fdeb85eed363146d8a3f39494e0240c68bffca452fee50f8fd58b56802459be24f4e92930090f9e2bff8d5e1298bbf1ea36853fcc949721200325efcdf9d3a2865f1d763146d8a3f39494e0200c59fe24f4e9293e42480fc2ffe3a832155f1d763146d8a3f39494e0240c68bff92390fa52cfe7a8ca24df12727c94900c878f15f5fb3d0bc3b65e08e43e3f63e3d46d1a6f89393e4240064bcf82b96bd357a87e2affb28d8147f72929c0480ec14ffafbe324b5effdf1d87c6ed7d7a8ca24df12727c94900c868f1d7aa971fce7930e5f17a3dc6ca98147f72929c0480cc147ffb2d73f592e9e6efafdc9ab2f0fba1e7e8b97c33a5f89393e42400b458f1dfd93750be9952fcc949721200325efc1bf30db4a16fa614718a3f39494e0240b38b7f530bbf1f14718a3f39494e0240b38b3f41f1272709721200c59fe24f4e920be424008a3f41f1272709721200c59fe24f4e920be424008a3f41f1272709721200c59fe24f4e920be424008a3f41f1272709721200c59fe24f4e920be424008a3f41f1272709721205c718b3d7c2850bab9e78e289d7eebaebae2f7af7eebdbdbcbcdcf4e8d1c39494947c7bcd35d76cbbedb6db960e1f3e7c8c8d7f678b51fc29fee424414e022dda883cfbecb3a3870c19b2bd4f9f3ee6d1471f35f3e6cd3335353566ebd6ad46f4b3b6b6d6fcf5af7f35b6613137de78e3b737dd74d327959595bdd882147f8a3f3949909340b3d8c6a362e8d0a15ff5efdfdf6b36befefa6bd3586fbffdb6193060c0d75555558b2391c8b16c4d8a3fc59f9c24c84920dd5191d62fbcf0c2f45ffce21766c28409693522895e79e515535151b185d1128a3fc59f9c24c84920ad6664c68c196fde70c30de6c30f3f342de1934f3e31b6b9d9d2ab57afebd8c2147f8a3f39499093c04e696444cd88e684b424fdbdcacaca4daeeb96b095ffc56e8fa936cea6f853fcc949829c04e234674487695a6a6424d948495959d9065bec3ab1b5ff49672929b413701ce74c8a3fc59f9c24c84914faa19abd060f1ebc4d73463269e2c4895b62b1d85cb678fde21f8849c9be9d52fc29fee42441438282f0fcf3cf3fa9b369fef18f7f984cbbf6da6bd770e82665f1affb761adc0950fc29fee42441438282181dd13a233ab5371bde79e79d6d8c92345cfc83df4e356c9e2bc57fcb962de6cb2fbf4cfad8a64d9b427f0f14fffccf497dfe99fe37d6ae5d9bf231adbb94ad5c27275170b402ab26b236e7f4de74555454acb185adc32e588c4389308aff6f7ef31b3374e850eff6430f3d64468e1c69ba75eb664e38e104efb642f38df4b86d32cdc1071f6c7efdeb5f9bae5dbb7af1e0830f7acff77ffff4d34f77f83734d979f7dd77f7e61735f73d643372354ff23d27d7ac59630e39e410f3f1c71f9b2953a6984824522fc68e1deb3deff5d75f37f7df7f7fbdf0f330189f7df699b7c8e3b871e3ea4223c5fbefbfbff9cb5ffe52ef7ebf4979f9e597cd71c71de7dd3ef6d863bdeda02649dfed3efae8231a12a039b41cfc638f3d66b2c9ee48deb645ede65c6c4872a4019a6fbf855ed6a54b97d6610d8fbff1c61be6bbdffdaeb9fbeebbbd46a35fbf7ee6bcf3ce331d3b76f46edf7cf3cd66d1a245de73afbffe7a73da69a799582c662ebffc72535c5c6caaaaaabc957b955b2ad6cb962df39efbd24b2f794d86e257bffa95f7d82db7dc52779f1e6fca7ba0f8e77f4ede73cf3de6c73ffeb1777bc1820566c488115e280f5ab56a659e7aea29efb13ffff9cfe6acb3ce326ddab4313ffde94fcdd5575fed3520cab3c30f3fdc3cf9e4935edea949d67f879e77fef9e7a78c3df6d8c3cc9933c7ac5fbfdefce10f7f301d3a74f09ae8a38e3aca4c9e3c9986046829ba368d9683cf26fb0de6135be026d090345cf47d610d8f6bf461f5ead5e6befbee33c71c738c69d7ae9dd97befbdbddba79f7ebaf79ccf3fffdcb46ddbd6dc7aebad5e43d2ab572f6f07a08644ef5b053bd8905456569a934e3ac97b5e595999f758341af57ed7fd7a3cddf740f12f8c9cecd4a993a9aeae36d75d779dd720e83e3515c71f7fbcb9e0820bea3d5713f48f3cf248ef76efdebdcdf7bfff7d6f14e5a0830ef21a13bf21993973a639fbecb3eb5ef7c5175f78231fab56adaabbef9c73ce317ffbdbdfcca851a3bc113dbdf6d4534fdda12199346992d65c6af0900f3909344017ca53c1cfa6356bd6d4da42b79286a4aee8cf755df78ac4a21f56f11f326488b7b3ffe10f7fe87d13bdf2ca2bbd38e59453cc61871d56f7bb463f54a4558cf51a35241ad138f1c413bdc32d2ada7a8dc22ff06a3854b457ae5c69de7df75defb56fbef9a6f7bbeef71b9274de03c53fff735279b6df7efbe9629edee1411d6a79e49147bca643f9a646e3e9a79fae9bcf3466cc186f34444d871a921ffde847a6b4b4d47bede0c183eb1a123d5f4dc5befbee5b177a6c9f7df6a9fb5d237dfefb081eb25143a2bfa7bfafd7e8b9ca61bff926278134e9aabdfe85f2b245ff9e2d785b6948927ffb0cbbf8ab4178e08107cc9e7beee98d4ee818bce619054323220b172e343ffff9cfbd63ee7e43a28b30befffefb66eedcb97543ea8aa54b97d635247bedb59739f0c003bd91151572fdd4efbadf6f48d2790f14fffccf498d64e8109f9a92871f7ed86b9a74e84e733df4f833cf3ce33df6dc73cf79734994570adda786e1a28b2ef27e1e7ae8a1e677bffb5dbd86444dc6d1471fed1d8659bc78b1f798468df5fb99679e59afe9d5733582a243856a4874184939a8d784918b3424c8bb6f4461c8d5c97ab9f81985313cfede7bef79cd806e6b47a06f85fe363af7dc73bd89a5fe21154d34f51b12bd460d8a2607b66edddafb56aa6f9bb367cfae6b48faf6ed5b37a95585dc9fd4aafb83876c1afb1e28fe8591931ad9b08d92d7ac6a52ebbdf7deeb4d9ef643a3727ade575f7d65c68f1f6fdab76f6f366fde6cfef8c73f7a39a3432fca4d3f873427c46f32340745cd4b708444bfeb108ddf9068b2ace648e971dbb431870468693d7bf6fc36db2324f67fe035b9384242f1dfb121516ea819d0d0b47ff845df4c83cd40b021d14ec3bfff273ff98977bfbe7d6a27e137241a66d78e45c3e82ae49a80a8df757fb286a431ef81e29fdf39a97f4f934b0f38e00073f2c9277b87672ebdf45273c6196778236bbaadc339897348d424bcfaeaabde211c35bc3adca7db0a8dbcf90d89e62469c4442379ca491d26d4efca4dbf21d1fc153524ca3dff900d0d09d0826eb8e1866dd99e4362ff47ff2017e79050fceb3724da01a8d0df76db6de6073ff88119366c98179ab49aaa21d16b34e954673ae88c84dd76dbadeed45d858eb1eb2c1c9de9e00f9debdbad7e775dd73b63a229ef81e29fdf39a979197ffad39fccf2e5cbbd66c39f93a4b3b28e38e2887acfd5e142e5a2724fcdc3c08103bd49af6a6435f2a1db0acd61f21b12ff104fb2483c64139c4392d890fcf297bff44e1326278126b8fdf6db9764fb2c1bfb3ff1cbb978960dc5ff5f3171e244afc8ea6c19cdd5083603fa269aaa215143a19d878ea7ebb08afe861a0aad21916c1d92e0219be6bc078a7f7ee7a4462c347aa6b3ac34595a8761345764c08001de8456dd567cf0c107de4fcd31d27bdcb06183f753a1d13b8d9af8bffba78c6b1d1d35bc5a70cfcfc9254b9678bfebec2eff8c1e8dd4a9d15643b262c50aeff04ef7eeddcd9d77dee9bd4623311af51b3d7a34390934c58811231ecbf63a24f61bcbc45c5c8784e2ffaf50b1d6c263fefc8d6baeb9c6bbfde28b2f7ac7d62b2a2a1a3c64a35329759c5d7f470d89fe46ba0d493aef81e29fdf39a91a75d34d37798d897ed767dfb973e71d2271744267e368942459d82f633bfc3b6a6052e5a426ce6aae8946e734c956eb91680d1e352c175e78a1f7baef7def7bde280e390934812df41dedff54df6471a5d6add168f4e35c5ca995e29f3c7448cf1f22d7f074e268878ebbabf0ab10fbc7e5d7ad5b57f7b8e68f687d87c4bfabfbf577f5cdb3b9ef81e25f583999a9504e6ad26cb2cb13ec2cef94e3fe5c29721268a2be7dfb7e94ad6bd94c9e3c798c6d4666b1d529fe5cc88c9c24c849a09e9ffdec67917efdfa6dcfc228c9866834ba80abfd52fc29fee424414e02495555552dd4ecf54cd27c158d8eec6cd12550fc29fee424414ea240694e474545c5162d7495090b172e7cc1fe1bab5dd7edc4d6a6f853fcc949829c04522a2929895555556dd6d90f2d69d5aa55b3a3d1e8720ed550fc29fee424414e028d128bc52a2a2b2b37b5d448894646d48c388e3380ad4bf1a7f89393043909349a6d1e7a9494947c317efcf82f9b31d175c33df7dcf3b80ed3d82867ab52fc29fee424414e0269d39c9268343aadaaaa6acd82050bb6a4b3cec8942953c6da8666be26b0326784e24ff127270972126889c6e42a3526e5e5e5b577dd75d7a2d9b3672fafa9a959ed5f904f17cad3b569aaabab5f1a3468d0a4582cb6548d884645389b86e24ff127270972126851b6d168efba6e1fdb688cb3b14c57eb8d5fc65b3f57eada345a0e9e155829fe147f729220270150fc098a3f39494e0200c59fe24f4e12e424008a3f41f12727c94900a0f853fcc949829c0440f12728fee424390900147f8a3f394990930028fe04c59f9c24270180e24ff1272709721200c59fa0f89393e4240050fc29fee424414e02a0f813147f72929c04008a3fc59f9c24c84900147f82e24f4e92930040f1cff7983469120d093949430280e24f84171b376e34a5a5a5a6478f1e1f398ef3bcfd39c475dd2b6c74b2d18e9c2468480050fc89acc4a851a3d4907c6bc32489d53626d978dc36287dc84982860440de98366d1a45377762ab2dfedb6db3f1448a862418e5e42491ad9ca45202c8b8993367aeaeadada5f0e640d4d4d43c658bff621da2b10dc7d6069a91b95dba74694d4e12d9ca492a25808c9b3e7dfae53366ccf87ceddab55b28c0e17d0b55e1afaeae5e6ee32a7d2eb6291996a219d9a486859c24b29d93009071b6e05c66bf05cdd7d0ac8e1713590f6df7c5c1c25f5e5eded6361feb121b12db8cbc545959b9073999fba1cf2b9f72120050a06cf3d12ba11999627fbe64e3ad7c1f25c907faccd80a00805d9ee689d89ddab27843b22e12891c1adfd155daa8b5711d5b89860400806cecd4aed28ecd719c1ec1fba3d1e871f6fe793a0db8a4a4e430b6140d09000099deb10d4a76564d7c0465a08d35aeeb5ec996a22101002034d168f40cbbf3fb500ba6151717efc716a12101002014a5a5a5fb388ef35bbb135ceabaeed96c111a120000c2dc09feb78d4fb58e49219c1e4c430200408e8a442207db9de1781b0becedff648bd0900000109af83a263a3db8b7fdb5155b848604008050388ed3d1ee185fb7a145d50e678bd0900000108a4824b2bbdd39deaed3836d8312618bd090000010e60eb2b3ebbaefdb9fa363b1d8fe6c111a12000042d1b56bd7bd1dc779584bd277efdefd1cb6080d090000a1b14dc925768759637f0e8f4422df618bd0900000100ad775dbd99de67336deb6b78f678bd0900000101ac771aed6e9c1b629e953c4e9c134240000842512891c6d77a0b36d54c762b1f66c111a120000c26a4a747af0ad36d6da70d8223424000084c6719cffb23bd3c5aeeb8eb14dca016c111a12000042611b91367687faa08de536bab04568480000084d341abdc8ee5857398ef33f975c72c99e6c111a1200004251565676906d489eb13bd87762b1d8896c111a12000042e3ba6ecff8e9c1fd8a383d98860400801077b21d6cccb44dc974fbf348b6080d090000a1183468d06e8ee30c889f1e1c658bd090000010e60ef754d77517d9185b5e5ede962d4243020040286c23b2976d48eeb33bdf1536ce678bd0900000101adb945c6877c02b6ddccbe9c13424000084261289fc9bdd093f6de3ef8ee39c4c434243020040685cd72dd1e9c1b629e9af09b03424000020149148e428bb439ea1d06d1a120000108af8e9c1fde38ba995d090000080d0683e89e695687e89e699d09000008050e8cc1b9d81a3337174460e0d090000088d6d46ce8baf5972bfd630a121010000a1d0aaae5add55abbc6ab5571a12000010e60e3baaebe1e8ba38f9787a300d090000bbce4efbc8f8958367ea4ac234240000202cad6c53d22f7e7a704f1a120000109a582c76a2dd89bfe338ce3365656507d19000008050c44f0f1e616355341abd888604000084b933ef62e3131b0f46229136342400002014b61139c075dd3176c7be381a8d9e4643020000c2dcb13b3a3dd8c6adb649d99d860400008422168bb5b73bf86a1bb36d5372740e361f13d480ec24e6f3490200b0ebd3e9c17d747ab0e33857e75843d2d9c6f6861a12fb9e2fe3230400204fd8a6e478bb837fdbc673f676bb1c6a4a2635d090ccedd2a54b6b3e3d0000f2482412f98ee338c3ed8ebec6febc24471a92cea91a12db385dc1a70600409eeadebdfb397687bfccc6235dbb76dd3b079a92647349e6333a0200409e8bc562fbdb9dfe68d775dfd72845c80dc90e7349983b02004001b13bfe886d00d6d8b83dccd383edfb789ed11100000a986d000eb731d9c6ebb631e8185243726660eec8c57c2a000014a656b619e81dbf7a70af901a236f2e09a32300001438c771fec336050b6cbc1089440ece7243d2b95bb76eacd40a00008a8a2a2b2bf7b0cdc19d363ecdf2e4521daa31f19f000000de626a67dba664a96d4a7e5b5a5aba4f86ffb90b6c6cb03132fe93b36c0000c03f151717ef679b92c76d7c188d46cfc87033e237211a21594753020000ea711ca75bfcf4e0812d3ce934b119d9d9fd0000a0909594941c16bff6ccbc68347a5c0bfcc98b77d274f88f33a7040000d4671b92eb747ab08dca16684676d66c30528216178bc5da3b8e73bdcde1713696d8d8145f0767ab2eab105fa8ef663d8fad050039cc75dd4eb660bfa5b5434a4b4b0f49f3e51714a537f291eef38154797b858da936b6357095e9c478d53ebf84ad0700394aa707db423d54a707db284eb3b94877c443afdb445382a6b0f9d9c1e6ea2b693421c9625624123996ad0900b95beccfb2f1b1e338a376727a70730fbf70f80669b379d9231a8dfe5fb0b988c56266d8b06166faf4e966c58a1566e3c68d46366fde6c6a6a6acc9c3973ccc891238dcde7c4a66413a3250090c3ec37c77d6db1febd8ec7ebba34499eb2b309ac8dd5527f0785d18c5c661b88af838dc89831634c6d6dad698c0d1b3678cfd7eb828d49589757000034928ed1db82bddac6e0c0e9c12d7db60c2325684c33d223d88cf4eddbd71b0d690abdae7ffffe894d0923250090cb2291c8a1766730d116ed373b76ec589ed08cb4b2d133fe331d89af63a22b52d29c91e0619a810307d61d96692a1dceb9e38e3b120fdf74626b03408e3bf7dc73ef2f2e2efea64d9b3657069a8adf17fdf37a35bf4fa32949f53a9a1224659b91eae0c848739b916053923052328bad0d00b9cd6b1602cd48517c84c304a2314d49b019f1a32cf038734a504ffcb061dd9c91a61ea669e8f04d704e09876e002077a56a129235170d3525c99eff5892e733a704c18664aadf2c68426a268c1d3b96511200d8459a918bd368329235258d6d46129b120edfe471a3a12b5037f41cadacea4f64d528c6faf5eb33d290e8ec9b8453823bf0090140ee686c53b0b3a624dd6624f8ef7395e03c1538443235c5a9e545f1e5e0bde7dd7df7dd2693b44e49a021b9994f080072ab19696c3390aa29d9ad89cd48e2080d4d499e3624819894386212bf368df7f88c193332da9068f1b4c07b99c0270400bb5e33d25053f241339a91e6be1fec5a0d49dd8889df98c42f94e7dddfd29359136945d7c0fb58c9270400e16aee8844b2a6a439cd486253c29c923c6f4882232636b6f8bfb7d4a9be0d9d021cf8b7b7f209014078dac61b8791cdfc3bbb251919f9207e7f738c6ce6c5d4885d38b221f8ef510e00203746489a3a12d1d008493a8ba7314252b82324f375cd1a5daa40aba732420200854b3bff4d45999943d294a684392485d190d4352281e730870400684ad21a9148756a6fb2b36cd2694a38cb26ff1b92b95a8d35d888049ec359360080468f4cec6c9d91745774f5752e621d927c6e4876181149c43a240080c68e503476d1b3749b12ffb0d1157c04854b2bb5dae6607b36566a2d2929f996955a0160d71c29497705d6c63625febf473302ae650300d861a424f1f049cfa2f4d719e16abf48b721c9f8d57ea3d1e8b75ced170076ada62438d135d85ca4b3e859aad7716a2f92b28dc2ab7ec3d0b76fdf163b0558a7faf6ebd7efebe0e84843735a0000b923f1f04dabf80847baa7f226beaeb9eb9f20bf1b920e36d6f98dc3c081039bdd94a819b9e38e3b82f34636b9aedb89ad0d00bb6e53d25cc90e0701f5388ed3c39fe0ea8f9434f5f08d5e973032c2a11a0028f0a68445cfd068b671280f36259a53a289ae3a4ba6b167d368026b70ce88c2363b03d8ba00b0eb6aee61160ed3206d1a29b1b121d850a831d13a255a3c4da31ffee11c1d96d10aac5af4ec81071e303d7bf6fc266175582d4d5fce560580fc694ad21de160022b9a4c734a82a70337316631670400f24bba875d384c83966a4cae8a3726dbd36944342ac2d9340050d84d899683670556b428ade86a1b933ef16bdf2cd3d57afdabf6ea4279ba368d968367055600280c17c79b8d8b1b787c1dcd080000c8b45423251ca6010000a136253423000020d4a66424cd0800000893e68c98224eed050000216bcb260000000000000000000000000000000000000000000000000000e4a3ff07d4428780e5b13aa60000000049454e44ae426082, '1'), ('30002', '1', '请假流程.bpmn20.xml', '30001', 0x3c3f786d6c2076657273696f6e3d27312e302720656e636f64696e673d275554462d38273f3e0a3c646566696e6974696f6e7320786d6c6e733d22687474703a2f2f7777772e6f6d672e6f72672f737065632f42504d4e2f32303130303532342f4d4f44454c2220786d6c6e733a7873693d22687474703a2f2f7777772e77332e6f72672f323030312f584d4c536368656d612d696e7374616e63652220786d6c6e733a7873643d22687474703a2f2f7777772e77332e6f72672f323030312f584d4c536368656d612220786d6c6e733a61637469766974693d22687474703a2f2f61637469766974692e6f72672f62706d6e2220786d6c6e733a62706d6e64693d22687474703a2f2f7777772e6f6d672e6f72672f737065632f42504d4e2f32303130303532342f44492220786d6c6e733a6f6d6764633d22687474703a2f2f7777772e6f6d672e6f72672f737065632f44442f32303130303532342f44432220786d6c6e733a6f6d6764693d22687474703a2f2f7777772e6f6d672e6f72672f737065632f44442f32303130303532342f44492220747970654c616e67756167653d22687474703a2f2f7777772e77332e6f72672f323030312f584d4c536368656d61222065787072657373696f6e4c616e67756167653d22687474703a2f2f7777772e77332e6f72672f313939392f585061746822207461726765744e616d6573706163653d22687474703a2f2f7777772e61637469766974692e6f72672f70726f63657373646566223e0a20203c70726f636573732069643d2270726f636573732220697345786563757461626c653d2274727565223e0a202020203c73746172744576656e742069643d227374617274222f3e0a202020203c757365725461736b2069643d226170706c7922206e616d653d22e8afb7e58187e794b3e8afb7222061637469766974693a61737369676e65653d22247b656d706c6f7965657d222061637469766974693a666f726d4b65793d226c656176652d73746172742e666f726d222f3e0a202020203c73657175656e6365466c6f772069643d227369642d45354631434434332d344341302d344231322d383035362d3035353632413838433739332220736f757263655265663d22737461727422207461726765745265663d226170706c79222f3e0a202020203c757365725461736b2069643d22617070726f766522206e616d653d22e7bb8fe79086e5aea1e689b9222061637469766974693a63616e64696461746547726f7570733d22e983a8e997a8e7bb8fe79086222f3e0a202020203c73657175656e6365466c6f772069643d227369642d39374232393435442d323143302d343041352d384439382d4445414644314145463646362220736f757263655265663d226170706c7922207461726765745265663d22617070726f7665222f3e0a202020203c6578636c7573697665476174657761792069643d22636f6e646974696f6e222f3e0a202020203c73657175656e6365466c6f772069643d227369642d44413638384642352d354336332d343933432d414141412d3134334236303833453035452220736f757263655265663d22617070726f766522207461726765745265663d22636f6e646974696f6e222f3e0a202020203c73657175656e6365466c6f772069643d227369642d43354234304335342d393233442d343830432d414530322d3630463236414145453834332220736f757263655265663d22636f6e646974696f6e22207461726765745265663d226170706c79223e0a2020202020203c636f6e646974696f6e45787072657373696f6e207873693a747970653d2274466f726d616c45787072657373696f6e223e3c215b43444154415b247b61677265653d3d66616c73657d5d5d3e3c2f636f6e646974696f6e45787072657373696f6e3e0a202020203c2f73657175656e6365466c6f773e0a202020203c656e644576656e742069643d2273746f70222f3e0a202020203c73657175656e6365466c6f772069643d227369642d37413637304633362d413531332d343334442d394338302d3142354437373742353932302220736f757263655265663d22636f6e646974696f6e22207461726765745265663d2273746f70223e0a2020202020203c636f6e646974696f6e45787072657373696f6e207873693a747970653d2274466f726d616c45787072657373696f6e223e3c215b43444154415b247b61677265653d3d747275657d5d5d3e3c2f636f6e646974696f6e45787072657373696f6e3e0a202020203c2f73657175656e6365466c6f773e0a20203c2f70726f636573733e0a20203c62706d6e64693a42504d4e4469616772616d2069643d2242504d4e4469616772616d5f70726f63657373223e0a202020203c62706d6e64693a42504d4e506c616e652062706d6e456c656d656e743d2270726f63657373222069643d2242504d4e506c616e655f70726f63657373223e0a2020202020203c62706d6e64693a42504d4e53686170652062706d6e456c656d656e743d227374617274222069643d2242504d4e53686170655f7374617274223e0a20202020202020203c6f6d6764633a426f756e6473206865696768743d2233302e30222077696474683d2233302e302220783d2234352e302220793d2237302e30222f3e0a2020202020203c2f62706d6e64693a42504d4e53686170653e0a2020202020203c62706d6e64693a42504d4e53686170652062706d6e456c656d656e743d226170706c79222069643d2242504d4e53686170655f6170706c79223e0a20202020202020203c6f6d6764633a426f756e6473206865696768743d2238302e30222077696474683d223130302e302220783d223135302e302220793d2234352e30222f3e0a2020202020203c2f62706d6e64693a42504d4e53686170653e0a2020202020203c62706d6e64693a42504d4e53686170652062706d6e456c656d656e743d22617070726f7665222069643d2242504d4e53686170655f617070726f7665223e0a20202020202020203c6f6d6764633a426f756e6473206865696768743d2238302e30222077696474683d223130302e302220783d223331352e302220793d2234352e30222f3e0a2020202020203c2f62706d6e64693a42504d4e53686170653e0a2020202020203c62706d6e64693a42504d4e53686170652062706d6e456c656d656e743d22636f6e646974696f6e222069643d2242504d4e53686170655f636f6e646974696f6e223e0a20202020202020203c6f6d6764633a426f756e6473206865696768743d2234302e30222077696474683d2234302e302220783d223334352e302220793d223138302e30222f3e0a2020202020203c2f62706d6e64693a42504d4e53686170653e0a2020202020203c62706d6e64693a42504d4e53686170652062706d6e456c656d656e743d2273746f70222069643d2242504d4e53686170655f73746f70223e0a20202020202020203c6f6d6764633a426f756e6473206865696768743d2232382e30222077696474683d2232382e302220783d223531302e302220793d223138362e30222f3e0a2020202020203c2f62706d6e64693a42504d4e53686170653e0a2020202020203c62706d6e64693a42504d4e456467652062706d6e456c656d656e743d227369642d44413638384642352d354336332d343933432d414141412d313433423630383345303545222069643d2242504d4e456467655f7369642d44413638384642352d354336332d343933432d414141412d313433423630383345303545223e0a20202020202020203c6f6d6764693a776179706f696e7420783d223336352e31373331363031373331363031372220793d223132352e30222f3e0a20202020202020203c6f6d6764693a776179706f696e7420783d223336352e343133303433343738323630392220793d223138302e3431333034333437383236303837222f3e0a2020202020203c2f62706d6e64693a42504d4e456467653e0a2020202020203c62706d6e64693a42504d4e456467652062706d6e456c656d656e743d227369642d45354631434434332d344341302d344231322d383035362d303535363241383843373933222069643d2242504d4e456467655f7369642d45354631434434332d344341302d344231322d383035362d303535363241383843373933223e0a20202020202020203c6f6d6764693a776179706f696e7420783d2237352e302220793d2238352e30222f3e0a20202020202020203c6f6d6764693a776179706f696e7420783d223135302e302220793d2238352e30222f3e0a2020202020203c2f62706d6e64693a42504d4e456467653e0a2020202020203c62706d6e64693a42504d4e456467652062706d6e456c656d656e743d227369642d37413637304633362d413531332d343334442d394338302d314235443737374235393230222069643d2242504d4e456467655f7369642d37413637304633362d413531332d343334442d394338302d314235443737374235393230223e0a20202020202020203c6f6d6764693a776179706f696e7420783d223338352e302220793d223230302e30222f3e0a20202020202020203c6f6d6764693a776179706f696e7420783d223531302e302220793d223230302e30222f3e0a2020202020203c2f62706d6e64693a42504d4e456467653e0a2020202020203c62706d6e64693a42504d4e456467652062706d6e456c656d656e743d227369642d43354234304335342d393233442d343830432d414530322d363046323641414545383433222069643d2242504d4e456467655f7369642d43354234304335342d393233442d343830432d414530322d363046323641414545383433223e0a20202020202020203c6f6d6764693a776179706f696e7420783d223335332e313331363732353937383634382220793d223139312e3836383332373430323133353234222f3e0a20202020202020203c6f6d6764693a776179706f696e7420783d223235302e302220793d223131392e3839343235393831383733313131222f3e0a2020202020203c2f62706d6e64693a42504d4e456467653e0a2020202020203c62706d6e64693a42504d4e456467652062706d6e456c656d656e743d227369642d39374232393435442d323143302d343041352d384439382d444541464431414546364636222069643d2242504d4e456467655f7369642d39374232393435442d323143302d343041352d384439382d444541464431414546364636223e0a20202020202020203c6f6d6764693a776179706f696e7420783d223235302e302220793d2238352e30222f3e0a20202020202020203c6f6d6764693a776179706f696e7420783d223331352e302220793d2238352e30222f3e0a2020202020203c2f62706d6e64693a42504d4e456467653e0a202020203c2f62706d6e64693a42504d4e506c616e653e0a20203c2f62706d6e64693a42504d4e4469616772616d3e0a3c2f646566696e6974696f6e733e, '0'), ('30003', '1', '请假流程.process.png', '30001', 0x89504e470d0a1a0a0000000d4948445200000224000000e60806000000e54c9ee600001a5e4944415478daeddd0b7454d5bdc7f1a058c527bd3eaa162d165d977badb55ea9b5d62af551b557a2a2c3c9994942a434a915298274512d0d028aca557cdfb65815c4a2d52a8a884240e45d69a950292a0af28840908b8a801475dffd3b9d93753299099924336732f3fdacf55f496626219efcfd9fffecbdcf3e4545000000000000000000000000000000000000000000000000000000000000000000000000000000000000000000000000000000000000000000000000000000000000000000000000000000000000000000000000000000000000000000000000000000000000000000000000000000000000000000000000000000000000000000000000000000000000000000000000f9c818d371f5ead54f2d5ebcf8f359b3669999336712598e9a9a1a3377eedc0f6c949291e4243909a020a9f0cf9b37cfd4d5d599ddbb771321c5962d5bccabafbefa913d115c454e9293e4248082a377a114fe9c3901ecb6ef4e579293e4243909a0e068489cc29b3b618bff1e72929c242701141ccd17537473aaf81b72929c24270150fc53c4271f6e34ab973c6256d48cf4429feb310a36c59f9c242701202bc57ffbb65af3c6cbc3cdb269431b841ed373146d8a3f39494e0240c68bfffa15cf372afc7e6c583195a24df12727c94900c87cf15ff9caed298bbf9ea36853fcc949721200325efcdf98392265f1d773146d8a3f39494e0200c59fe24f4e9293e42480fc2ffeba822155f1d773146d8a3f39494e0240c68bffaa05f7a72cfe7a8ea24df12727c94900c878f1df5abbdcbc31a3baf1d0b87d4ccf51b429fee424390900192ffe8a357f99d8a8f8eb310a36c59f9c242701203bc5ffd34fcdaa85ffdb7868dc3ea6e728da147f72929c04808c167fed7af9f682fb52ced7eb3976c6a4f89393e4240064a6f8db77991b57cd367f7fe9c69485df0fbd46afe59d29c59f9c242701a0cd8affdede81f2ce94e24f4e92930090f1e2df9c77a04dbd33a58853fcc9497212005a5dfc5b5af8fda08853fcc9497212005a5dfc098a3f394990930028fe147f72925c20270150fc098a3f394990930028fe147f72925c2027816c33c61cb07cf9f2aa091326bc7adb6db77d3470e0c03d151515a6a4a4c49496967e71cd35d7ecbee9a69b56df7efbed936cfc3b478ce24ff1272709721268d346e44f7ffad3c451a346ed19346890f9ed6f7f6b162f5e6c6a6b6bcdae5dbb8ce8635d5d9df9eb5fff6a6cc3627efef39f7f71fdf5d7bf575959d99f2348f1a7f89393043909b48a6d3cfa8d1e3dfad3a143877acdc6679f7d669aebf5d75f37c3860dfbacaaaa6a6524123991a349f1a7f89393043909a43b2ad2f1b9e79e9bfdd39ffed44c9d3a35ad4624d14b2fbd64faf5ebb793d1128a3fc59f9c24c84920ad6664ce9c39af5d77dd75e6edb7df366de1bdf7de33b6b9d9d9bf7fff6b39c2147f8a3f39499093c05e696444cd88d684b425fdbccacacaedaeeb96729429fe147f729220278194b46644d3346d3532926ca4a4bcbc7c9b6d4aba73b429fe147f7292202781645335078c1c3972b7d68c64d2b469d376c662b1451c718a3fc59f9c24c849a091679f7df6715d4df3cf7ffed364dacf7ef6b34d4cdd50fc29fee424414e028d4647b4cf882eedcd8665cb96ed669484e24ff1272709721268403bb06a216b6b2eef4d57bf7efd36959494742df463efbaee4c1b6753fc29fee424414ea2e0693bf8871e7ac864d3b871e35eb70dc90d857eecb5f5be422701c771cea4f853fcc949829c44c1d2bd69b41d7c362d5cb8f03d5bf4a6d290fcabf807627ab277a7147f8a3f3949d09020efe946791b376ecc6a43b269d3a63a5be8d6d390342afef5ef4e8327018a3fc59f9c24684890f774d75eff4679d9a27fcf16b95d3424c98b7ff0dda986cd73a5f8efdcb9d37cf2c927499fdbbe7d7be8bf03c53fff73527fff4cff1b9b376f4ef99c6a57b6729d9c44419e14c3d08cc247c4238ce27ff3cd379bd1a3477b9fdf7ffffd5af7637af7ee6dbef18d6f789f2bb4899e9e5fb66c9939f2c823cdaf7ffd6bd3ab572f2feebbef3eeff5fed7efbfff7ea37f433bf8eebbefbedea679adfd1db219e4643839b969d32673d451479977df7dd7cc9831c3442291063179f264ef750b172e34f7dc734f83f0f330181f7cf08177e7f2a79e7aaa3eb4fdc1a1871e6afef8c73f3678dc6f525e7cf14573d24927799f9f78e289de715093644ba979e79d77684880d6e8dbb7ef17d91e21b1ff036f6284a4c977a34becbbd04b7bf6ecd931ace1f13ffff9cfe62b5ff98ab9e38e3bbc4663c89021e6bcf3ce33ddba75f33ebfe1861bcc8a152bbcd70e1830c09c7efae926168b99cb2ebbcc1417179baaaa2a3361c204a305d32ad66bd6acf15efbc20b2f784d86e257bffa95f7dc2f7ef18bfac7f47c4b7e078a7ffee7e49d77de697ef0831f789f2f5dbad48c1d3bd60be541870e1dcc134f3ce13df7873ffcc19c75d659a653a74ee68a2bae30575f7db5d78028cf8e3df658f3f8e38f7b79a72659ff1d7addf9e79f9f32f6db6f3fb360c102b375eb56f3f0c30f9bae5dbb7a4df4f1c71f6f5e7ef9651a12a0ad5c77dd75bbb3bd86c41682b7584392b4f83728fa61cfd76bf441b971f7dd779baf7ffdebe688238e30071e78a0f7f9b7bffd6def351f7ef8a1e9dcb9b3b9f1c61bbd86a47ffffede09400d897e6f15ec604352595969bef9cd6f7aaf2b2f2ff79e8b46a3ded77a5ccfa7fb3b50fc0b2327bb77ef6e6a6a6accb5d75eeb35087a4c4dc5c9279f6c2eb8e08206afd5aed3c71d779cf7f9c08103cd77bef31d6f14e5f0c30ff71a13bf21993b77ae39fbecb3ebbfefa38f3ef2463e366cd850ffd839e79c63fef6b7bf99f1e3c77b237afaded34e3bad5143327dfa74dd48b4c9291f721268c2f0e1c35765fb2a1bfb3ff18b5c65d3a0f82f725df7f2c4a21f56f11f356a9477b2ffdef7bee7bd13bdf2ca2bbdf8d6b7be658e39e698faaf35faa122ad62acef5143a2118d534e39c59b6e51d1d6f728fc02af8643457bfdfaf5e68d37def0bef7b5d75ef3bed6e37e4392ceef40f1cfff9c549e1d72c821a6b4b4d49b1ed454cb830f3ee8351dca37351a4f3ef964fd7aa649932679a3216a3ad4907cfffbdf37656565def78e1c39b2be21d1ebd5541c7cf0c1f5a1e70e3ae8a0faaf35d2e7ff1ec1291b3524fa79faf9fa1ebd5639ec37dfe42490a6b163c73e94ed7d48aaababa7b10f8957fc93befb0cbbf8ab41b8f7de7bcdfefbefef8d4e680e5e9be705432322cb972f373ff9c94fbc3977bf211934689079f3cd37cda2458bea87d415ab57afae6f480e38e000f3e52f7fd91b595121d7477dadc7fd86249ddf81e29fff39a9910c4df1a92979e08107bca64953775aeba1e79f7efa69efb9679e79c65b4ba2bc52e831350c175d7491f7f1e8a38f36bffbddef1a34246a324e38e1046f1a66e5ca95de737a93a6afcf3cf3cc064daf5eab11144d15aa21d134927250df13462ed29020afd8ffc9bb0d1830e0f32ceed4ba2b1a8dbecb4eadcd17c6f0f83ffef10faf19d0e73a11e85da1ffeef9dc73cff51696fa532a5a68ea3724fa1e35285a1cd8b16347ef5da9de6dce9f3fbfbe21193c7870fda25615727f51ab1e0f4ed934f777a0f817464e6a64c3364a5eb3aa45ad77dd7597b778da0f8dcae9759f7efaa99932658ae9d2a58bd9b1638779f4d147bd9cd1d48b72d3cf21ad09f19b0cad4151f3121c21d1d79aa2f11b122d96d51a293d6f9b36d6900099604f04ef64eb5e36f67fe049b618cce3a8b78f86440b9ed50c6868da9f7ed13bd36033106c4874d2f01fffe10f7fe83dae779f3a49f80d8986d97562d130ba0ab91620ea6b3d9eac2169ceef40f1cfef9cd4bfa7c5a5871d769839f5d453bde9991ffde847e68c33cef046d6f4b9a67312d790a84978e59557bc291c35bc9aeed3e70a8dbcf90d89d62469c4442379ca494d13ea6be5a6df9068fd8a1a12e59e3f65434302b4b11ffff8c791214386ecc9c228c9b66834ba94bbfdb68f8644270015fa9b6ebac97cf7bbdf3563c68cf1428b56533524fa1e2d3ad5950eba22619f7df6a9bf7457a139765d85a32b1dfca173bdbbd5d7362fbc2b265af23b50fcf33b27b52ee3b1c71e336bd7aef59a0d7f4d92aecafaea57bfdae0b59a2e542e2af7d43c5457577b8b5ed5c86ae4439f2bb486c96f48fc299e64913865135c4392d890fcf297bff42e1326278156a8aaaa5aaeffd13349eb55343ab2b7f96984df904c9b36cd2bb2ba5a466b3582cd80de89a66a48d450e8e4a1f9744dabe867a8a1d01e12c9f621094ed9b4e677a0f8e7774e6ac442a367baca4a8ba5350da3b522c3860df316b4ea73c55b6fbde57dd41a23fd8edbb66df33e2a347aa75113ff6bff9271eda3a386571beef939b96ad52aef6b5ddde55fd1a3913a35da6a48d6ad5be74deff4e9d3c7dc7aebaddef7682446a37e13274e242781d6d09a8e7efdfaedd49a804cb027a8e7ecbfb1d1be0beeced1cefd8644c55a1b8ff9eb37aeb9e61aeff3e79f7fde9b5bb7b9d2e4948d2ea5d43cbb7e8e1a12fd8c741b92747e078a7f7ee7a44629aebffe7aaf31d1d7fadbf7e8d1a351248e4ee86a1c8d92248be1c38737fa77d4c0a4ca492d9cd55a138dce6991adf623d11e3c6a582ebcf042effbbef6b5af79a338e424d04af65d67ccbe1bdda113455bdab061c3fc6834ba96a99af6d390044373edfe10b986a713473b34efaec2af42eccfcb6fd9b2a5fe79ad1fd1fe0e893f578febe7ea9d676b7f078a7f61e564a64239a945b3c96e4fb0b7bc538efb6ba5c849a00dd877b9fd2a2b2bb7b7d548894646d48cd877cbc338ba147f6e64464e12e424d06cb67928292d2dfd68ca94299fb462a1ebb63befbcf3114dd3d8a8e0a852fc29fee424414e0269d39a9268343aabaaaa6ad3d2a54b77a6b3cfc88c193326db86668916b0b26684e24ff12727097212688bc6e42a352615151575b7dd76db8af9f3e7afadadaddde8df904f37cad3bd696a6a6a5e183162c4f4582cb65a8d884645b89a86e24ff127270972126853b6d1e8e2baee20db683c65638deed61bdff1501fd7ebde34da0e9e1d5829fe147f729220270150fc098a3f39494e0200c59fe24f4e12e424008a3f41f12727c94900a0f853fcc949829c0440f12728fee424390900147f8a3f394990930028fe04c59f9c24270180e24ff1272709721200c59fa0f89393e4240050fc29fee424414e02a0f813147f72929c04008a3fc59f9c24c84900147f82e24f4e92930040f1a7f8939304390980e24f50fcc94972120028fe147f729220270150fc098a3f39494e0200c59fe24f4e12e424008a3f91e1983e7d3a0d093949430280e24f84171f7ffcb1292b2b33252525ef388ef3acfd38ca75ddcb6d74b771043949d09000a0f8135989f1e3c7ab21f9c28649121b6d4cb7f1886d50069193040d0980bc316bd62c8a6eeec42e5bfcf7d86663428a86241815e42491ad9ca45202c8b8b973e76eacababa3f0e640d4d6d63e618bff4a4dd1d886635713cdc8a29e3d7b762427896ce524951240c6cd9e3dfbb23973e67cb879f3e69d14e0f0de85aaf0d7d4d4acb57195fe2eb6291993a219d9ae86859c24b29d93009071b6e05c6adf052dd1d0ace68b89ac878efbca60e1afa8a8e86c9b8f2d890d896d465ea8acacdc8f9cccfdd0df2b9f72120050a06cf3d13fa11999613fbe60e32ff93e4a920ff437e3280000da3dad13b127b535f186644b2412393a7ea2abb45167e35a8e120d090000d938a95da5139be33825c1c7a3d1e849f6f1c5ba0cb8b4b4f4188e140d090000993eb18d4876554d7c04a5dac626d775afe448d1900000109a68347a863df9bdad0dd38a8b8b0fe188d0900000108ab2b2b2831cc7f98d3d09ae765df76c8e080d090000619e04ffdbc6fbdac7a4102e0fa6210100204745229123edc9708a8da5f6f3ffe488d0900000109af83e26ba3c78a0fdb20347848604008050388ed3cd9e1817dad0a66ac772446848000008452412d9d79e1c87ebf260dba044382234240000847982ece1baee9bf6e3c4582c762847848604008050f4ead5eb40c7711ed096f47dfaf43987234243020040686c5372893d61d6da8fb74722912f7144684800000885ebba47d893e633365eb79f9fcc11a121010020348ee35cadcb836d5332a888cb8369480000084b241239c19e40e7dba889c5625d38223424000084d594e8f2e01b6d6cb6e1704468480000088de338ff654fa62b5dd79d649b94c338223424000084c236229dec09f53e1b6b6df4e488d0900000109a68347a913db16e701ce77f2eb9e492fd39223424000084a2bcbcfc70db903c6d4fb0cb62b1d8291c111a12000042e3ba6edff8e5c1438ab83c9886040080104fb25d6dccb54dc96cfbf1388e080d090000a1183162c43e8ee30c8b5f1e1ce588d090000010e609f734d77557d8985c5151d199234243020040286c2372806d48eeb627df7536cee788d0900000101adb945c684fc0eb6ddcc5e5c13424000084261289fc9b3d093f69e3ef8ee39c4a434243020040685cd72dd5e5c1b62919aa05b03424000020149148e4787b429ea3d0e7342400002014f1cb8387c637532ba521010000a1d17a12ad2bd1fa12ad33a121010000a1d09537ba024757e2e88a1c1a120000101adb8c9c17dfb3e41eed61424302000042a15d5db5bbab7679d56eaf3424000020cc137654f7c3d17d71f2f1f2601a120000dacf49fbb8f89d83e7ea4ec234240000202c1d6c5332247e79705f1a120000109a582c768a3d892f731ce7e9f2f2f2c3694800004028e297078fb5b1211a8d5e4443020000c23c99f7b4f19e8dfb229148271a120000100adb881ce6baee247b625f198d464fa721010000619ed81d5d1e6ce346dba4ec4b4302000042118bc5bad8137c8d8df9b6293921079b8fa96a40f6124bf84b0200d0fee9f2e041ba3cd8719cab73ac21e961634f530d89fd9d2fe54f0800409eb04dc9c9f604ffba8d67ece747e4505332bd89866451cf9e3d3bf2d70300208f4422912f398e73bb3dd1d7da8f97e44843d2235543621ba7cbf9ab010090a7faf4e9738e3de1afb1f160af5ebd0ecc81a624d95a92258c8e000090e762b1d8a1f6a43fd175dd37354a117243d2682d096b4700002820f6c41fb10dc0261bc3c3bc3cd8fe1ecf323a02004001b30dc0b1365eb6b1d03606dd426a48ce0cac1db998bf0a000085a9836d0606c6ef1edc3fa4c6c85b4bc2e808000005ce719cffb04dc1521bcf45229123b3dc90f4e8ddbb373bb5020080a2a2cacacafd6c7370ab8df7b3bcb854533526fe110000c0db4ced6cdb94acb64dc96fcacaca0ecaf03f77818d6d36c6c53f72950d0000f897e2e2e2436c53f2888db7a3d1e819196e46fc264423245b684a000040038ee3f48e5f1e5cddc68b4e139b91bd3d0e00000a596969e931f17bcf2c8e46a327b5c18fbc782f4d87ff3c6b4a00004043b621b9569707dba86c8366646fcd0623256873b158ac8be338036c0e3f6563958dedf17d7076e9b60af18dfa6ed0eb385a0090c35cd7ed6e0bf65fb477485959d951697efb0545e98d7ca4fb7a2055de5e6e63a68ddd4ddc653a315eb1af2fe5e801408ed2e5c1b6508fd6e5c1368ad36c2ed21df1d0f76da729414bd8fcec6a73f5a5349a9064312f12899cc8d10480dc2df667d978d7719cf17bb93cb8b5d32f4cdf206d362f4ba2d1e8ff059b8b582c66c68c196366cf9e6dd6ad5b673efef863233b76ec30b5b5b566c1820566dcb871c6e6736253b29dd11200c861f69de3c1b658ff5ef3f1ba2f4d9297ec6d016b73b5d5cf4161342397da06e2b360233269d224535757679a63dbb66ddeebf57dc1c624acdb2b00009a4973f4b6606fb431327079705b5f2dc348099ad38c94049b91c183077ba3212da1ef1b3a74686253c2480900e4b2482472b43d194cb345fbb56eddba552434231d6cf48d7f4c47e2f7b1d0152969cd48709aa6bababa7e5aa6a5349d73cb2db7244edf74e76803408e3bf7dc73ef292e2efebc53a74e57069a8adf17fdeb7e35bf4fa32949f57d342548ca362335c19191d63623c1a62461a4641e471b00729bd72c049a91a2f808870944739a926033e24779e079d694a081f8b461fd9a91964ed334357d135c53c2d40d00e4ae544d42b2e6a2a9a624d9eb1f4af27ad69420d890ccf49b052d48cd84c99327334a0200eda419b9388d26235953d2dc6624b12961fa268f1b0ddd81baa9d76867557f21ab4631b66edd9a91864457df245c12dc95bf1000e48ee636057b6b4ad26d4682ff3e7709ce5381299299292e2d2f8a6f07efbdee8e3bee3099a47d4a020dc90dfc850020b79a91e63603a99a927d5ad88c248ed0d094e469431288e9892326f17bd378cfcf993327a30d89364f0bfc2e53f90b0140fb6b469a6a4ade6a4533d2dadf07edab21a91f31f11b93f88df2bcc7db7a316b22ede81af83dd6f317028070b57644225953d29a6624b129614d499e3724c111131b3bfdafdbea52dfa62e010efcdbbbf80b0140783ac71b8771adfc39fb241919792bfe786b8c6be5cdd488761cd910fcf7280700901b23242d1d89686a84249dcdd3182129dc119225ba678d6e55a0dd5319210180c2a593fff6a2ccac21694953c21a92c26848ea1b91c06b584302003425698d48a4bab437d95536e934255c6593ff0dc922edc61a6c4402afe12a1b0040b34726f6b6cf48ba3bbafa7a14b10f493e37248d464412b10f0900a0b92314cdddf42cdda6c49f36ba9c3f41e1d24eadb639d8938d9d5a4b4b4bbf60a75600689f2325e9eec0dadca6c4fff76846c0bd6c00008d464a12a74ffa16a5bfcf0877fb45ba0d49c6eff61b8d46bfe06ebf00d0be9a92e042d7607391cea667a9be8f4b7b91946d145ef11b86c18307b7d925c0bad477c890219f0547479a5ad30200c81d89d3371de2231ce95eca9bf87dadddff04f9dd9074b5b1c56f1caaabab5bdd94a819b9e5965b82eb46b6bbaedb9da30d00edb72969ad64d34140038ee394f80b5cfd9192964edfe8fb12464698aa0180026f4ad8f40ccd661b878a6053a235255ae8aaab649a7b358d16b006d78c286cb3338ca30b00ed576ba75998a641da345262635bb0a15063a27d4ab4799a463ffce91c4dcb6807566d7a76efbdf79abe7dfb7e9eb03bacb6a6afe0a80240fe3425e98e70b080152da63525c1cb815b18f358330200f925dd6917a669d0568dc955f1c6644f3a8d884645b89a06000abb29d176f0ecc08a36a51d5d6d6332287eef9b35ba5baf7fd75edd284ff7a6d176f0ecc00a0085e1e278b3717113cf6fa11901000099966aa484691a0000106a534233020000426d4ac6d18c0000803069cd8829e2d25e000010b2ce1c0200000000000000000000000000000000000000000000000000403efa7fa8de7d5d6d1daabb0000000049454e44ae426082, '1'), ('37514', '1', '请假流程.bpmn20.xml', '37513', 0x3c3f786d6c2076657273696f6e3d27312e302720656e636f64696e673d275554462d38273f3e0a3c646566696e6974696f6e7320786d6c6e733d22687474703a2f2f7777772e6f6d672e6f72672f737065632f42504d4e2f32303130303532342f4d4f44454c2220786d6c6e733a7873693d22687474703a2f2f7777772e77332e6f72672f323030312f584d4c536368656d612d696e7374616e63652220786d6c6e733a7873643d22687474703a2f2f7777772e77332e6f72672f323030312f584d4c536368656d612220786d6c6e733a61637469766974693d22687474703a2f2f61637469766974692e6f72672f62706d6e2220786d6c6e733a62706d6e64693d22687474703a2f2f7777772e6f6d672e6f72672f737065632f42504d4e2f32303130303532342f44492220786d6c6e733a6f6d6764633d22687474703a2f2f7777772e6f6d672e6f72672f737065632f44442f32303130303532342f44432220786d6c6e733a6f6d6764693d22687474703a2f2f7777772e6f6d672e6f72672f737065632f44442f32303130303532342f44492220747970654c616e67756167653d22687474703a2f2f7777772e77332e6f72672f323030312f584d4c536368656d61222065787072657373696f6e4c616e67756167653d22687474703a2f2f7777772e77332e6f72672f313939392f585061746822207461726765744e616d6573706163653d22687474703a2f2f7777772e61637469766974692e6f72672f70726f63657373646566223e0a20203c70726f636573732069643d2270726f636573732220697345786563757461626c653d2274727565223e0a202020203c73746172744576656e742069643d227374617274222f3e0a202020203c757365725461736b2069643d226170706c7922206e616d653d22e8afb7e58187e794b3e8afb7222061637469766974693a61737369676e65653d22247b656d706c6f7965657d222061637469766974693a666f726d4b65793d226c656176652d73746172742e666f726d222f3e0a202020203c73657175656e6365466c6f772069643d227369642d45354631434434332d344341302d344231322d383035362d3035353632413838433739332220736f757263655265663d22737461727422207461726765745265663d226170706c79222f3e0a202020203c757365725461736b2069643d22617070726f766522206e616d653d22e7bb8fe79086e5aea1e689b9222061637469766974693a63616e64696461746547726f7570733d22e983a8e997a8e7bb8fe79086222f3e0a202020203c73657175656e6365466c6f772069643d227369642d39374232393435442d323143302d343041352d384439382d4445414644314145463646362220736f757263655265663d226170706c7922207461726765745265663d22617070726f7665222f3e0a202020203c6578636c7573697665476174657761792069643d22636f6e646974696f6e222f3e0a202020203c73657175656e6365466c6f772069643d227369642d44413638384642352d354336332d343933432d414141412d3134334236303833453035452220736f757263655265663d22617070726f766522207461726765745265663d22636f6e646974696f6e222f3e0a202020203c73657175656e6365466c6f772069643d227369642d43354234304335342d393233442d343830432d414530322d3630463236414145453834332220736f757263655265663d22636f6e646974696f6e22207461726765745265663d226170706c79223e0a2020202020203c636f6e646974696f6e45787072657373696f6e207873693a747970653d2274466f726d616c45787072657373696f6e223e3c215b43444154415b247b61677265653d3d66616c73657d5d5d3e3c2f636f6e646974696f6e45787072657373696f6e3e0a202020203c2f73657175656e6365466c6f773e0a202020203c656e644576656e742069643d2273746f70222f3e0a202020203c73657175656e6365466c6f772069643d227369642d37413637304633362d413531332d343334442d394338302d3142354437373742353932302220736f757263655265663d22636f6e646974696f6e22207461726765745265663d2273746f70223e0a2020202020203c636f6e646974696f6e45787072657373696f6e207873693a747970653d2274466f726d616c45787072657373696f6e223e3c215b43444154415b247b61677265653d3d747275657d5d5d3e3c2f636f6e646974696f6e45787072657373696f6e3e0a202020203c2f73657175656e6365466c6f773e0a20203c2f70726f636573733e0a20203c62706d6e64693a42504d4e4469616772616d2069643d2242504d4e4469616772616d5f70726f63657373223e0a202020203c62706d6e64693a42504d4e506c616e652062706d6e456c656d656e743d2270726f63657373222069643d2242504d4e506c616e655f70726f63657373223e0a2020202020203c62706d6e64693a42504d4e53686170652062706d6e456c656d656e743d227374617274222069643d2242504d4e53686170655f7374617274223e0a20202020202020203c6f6d6764633a426f756e6473206865696768743d2233302e30222077696474683d2233302e302220783d2234352e302220793d2237302e30222f3e0a2020202020203c2f62706d6e64693a42504d4e53686170653e0a2020202020203c62706d6e64693a42504d4e53686170652062706d6e456c656d656e743d226170706c79222069643d2242504d4e53686170655f6170706c79223e0a20202020202020203c6f6d6764633a426f756e6473206865696768743d2238302e30222077696474683d223130302e302220783d223135302e302220793d2234352e30222f3e0a2020202020203c2f62706d6e64693a42504d4e53686170653e0a2020202020203c62706d6e64693a42504d4e53686170652062706d6e456c656d656e743d22617070726f7665222069643d2242504d4e53686170655f617070726f7665223e0a20202020202020203c6f6d6764633a426f756e6473206865696768743d2238302e30222077696474683d223130302e302220783d223331352e302220793d2234352e30222f3e0a2020202020203c2f62706d6e64693a42504d4e53686170653e0a2020202020203c62706d6e64693a42504d4e53686170652062706d6e456c656d656e743d22636f6e646974696f6e222069643d2242504d4e53686170655f636f6e646974696f6e223e0a20202020202020203c6f6d6764633a426f756e6473206865696768743d2234302e30222077696474683d2234302e302220783d223334352e302220793d223138302e30222f3e0a2020202020203c2f62706d6e64693a42504d4e53686170653e0a2020202020203c62706d6e64693a42504d4e53686170652062706d6e456c656d656e743d2273746f70222069643d2242504d4e53686170655f73746f70223e0a20202020202020203c6f6d6764633a426f756e6473206865696768743d2232382e30222077696474683d2232382e302220783d223531302e302220793d223138362e30222f3e0a2020202020203c2f62706d6e64693a42504d4e53686170653e0a2020202020203c62706d6e64693a42504d4e456467652062706d6e456c656d656e743d227369642d44413638384642352d354336332d343933432d414141412d313433423630383345303545222069643d2242504d4e456467655f7369642d44413638384642352d354336332d343933432d414141412d313433423630383345303545223e0a20202020202020203c6f6d6764693a776179706f696e7420783d223336352e31373331363031373331363031372220793d223132352e30222f3e0a20202020202020203c6f6d6764693a776179706f696e7420783d223336352e343133303433343738323630392220793d223138302e3431333034333437383236303837222f3e0a2020202020203c2f62706d6e64693a42504d4e456467653e0a2020202020203c62706d6e64693a42504d4e456467652062706d6e456c656d656e743d227369642d45354631434434332d344341302d344231322d383035362d303535363241383843373933222069643d2242504d4e456467655f7369642d45354631434434332d344341302d344231322d383035362d303535363241383843373933223e0a20202020202020203c6f6d6764693a776179706f696e7420783d2237352e302220793d2238352e30222f3e0a20202020202020203c6f6d6764693a776179706f696e7420783d223135302e302220793d2238352e30222f3e0a2020202020203c2f62706d6e64693a42504d4e456467653e0a2020202020203c62706d6e64693a42504d4e456467652062706d6e456c656d656e743d227369642d37413637304633362d413531332d343334442d394338302d314235443737374235393230222069643d2242504d4e456467655f7369642d37413637304633362d413531332d343334442d394338302d314235443737374235393230223e0a20202020202020203c6f6d6764693a776179706f696e7420783d223338352e302220793d223230302e30222f3e0a20202020202020203c6f6d6764693a776179706f696e7420783d223531302e302220793d223230302e30222f3e0a2020202020203c2f62706d6e64693a42504d4e456467653e0a2020202020203c62706d6e64693a42504d4e456467652062706d6e456c656d656e743d227369642d43354234304335342d393233442d343830432d414530322d363046323641414545383433222069643d2242504d4e456467655f7369642d43354234304335342d393233442d343830432d414530322d363046323641414545383433223e0a20202020202020203c6f6d6764693a776179706f696e7420783d223335332e313331363732353937383634382220793d223139312e3836383332373430323133353234222f3e0a20202020202020203c6f6d6764693a776179706f696e7420783d223235302e302220793d223131392e3839343235393831383733313131222f3e0a2020202020203c2f62706d6e64693a42504d4e456467653e0a2020202020203c62706d6e64693a42504d4e456467652062706d6e456c656d656e743d227369642d39374232393435442d323143302d343041352d384439382d444541464431414546364636222069643d2242504d4e456467655f7369642d39374232393435442d323143302d343041352d384439382d444541464431414546364636223e0a20202020202020203c6f6d6764693a776179706f696e7420783d223235302e302220793d2238352e30222f3e0a20202020202020203c6f6d6764693a776179706f696e7420783d223331352e302220793d2238352e30222f3e0a2020202020203c2f62706d6e64693a42504d4e456467653e0a202020203c2f62706d6e64693a42504d4e506c616e653e0a20203c2f62706d6e64693a42504d4e4469616772616d3e0a3c2f646566696e6974696f6e733e, '0');
INSERT INTO `ACT_GE_BYTEARRAY` VALUES ('37515', '1', '请假流程.process.png', '37513', 0x89504e470d0a1a0a0000000d4948445200000224000000e60806000000e54c9ee600001a5e4944415478daeddd0b7454d5bdc7f1a058c527bd3eaa162d165d977badb55ea9b5d62af551b557a2a2c3c9994942a434a915298274512d0d028aca557cdfb65815c4a2d52a8a884240e45d69a950292a0af28840908b8a801475dffd3b9d93753299099924336732f3fdacf55f496626219efcfd9fffecbdcf3e4545000000000000000000000000000000000000000000000000000000000000000000000000000000000000000000000000000000000000000000000000000000000000000000000000000000000000000000000000000000000000000000000000000000000000000000000000000000000000000000000000000000000000000000000000000000000000000000000000f9c818d371f5ead54f2d5ebcf8f359b3669999336712598e9a9a1a3377eedc0f6c949291e4243909a020a9f0cf9b37cfd4d5d599ddbb771321c5962d5bccabafbefa913d115c454e9293e4248082a377a114fe9c3901ecb6ef4e579293e4243909a0e068489cc29b3b618bff1e72929c242701141ccd17537473aaf81b72929c24270150fc53c4271f6e34ab973c6256d48cf4429feb310a36c59f9c242701202bc57ffbb65af3c6cbc3cdb269431b841ed373146d8a3f39494e0240c68bfffa15cf372afc7e6c583195a24df12727c94900c87cf15ff9caed298bbf9ea36853fcc949721200325efcdf98392265f1d773146d8a3f39494e0200c59fe24f4e9293e42480fc2ffeba822155f1d773146d8a3f39494e0240c68bffaa05f7a72cfe7a8ea24df12727c94900c878f1df5abbdcbc31a3baf1d0b87d4ccf51b429fee424390900192ffe8a357f99d8a8f8eb310a36c59f9c242701203bc5ffd34fcdaa85ffdb7868dc3ea6e728da147f72929c04808c167fed7af9f682fb52ced7eb3976c6a4f89393e4240064a6f8db77991b57cd367f7fe9c69485df0fbd46afe59d29c59f9c242701a0cd8affdede81f2ce94e24f4e92930090f1e2df9c77a04dbd33a58853fcc9497212005a5dfc5b5af8fda08853fcc9497212005a5dfc098a3f394990930028fe147f72925c20270150fc098a3f394990930028fe147f72925c2027816c33c61cb07cf9f2aa091326bc7adb6db77d3470e0c03d151515a6a4a4c49496967e71cd35d7ecbee9a69b56df7efbed936cfc3b478ce24ff1272709721268d346e44f7ffad3c451a346ed19346890f9ed6f7f6b162f5e6c6a6b6bcdae5dbb8ce8635d5d9df9eb5fff6a6cc3627efef39f7f71fdf5d7bf575959d99f2348f1a7f89393043909b48a6d3cfa8d1e3dfad3a143877acdc6679f7d669aebf5d75f37c3860dfbacaaaa6a6524123991a349f1a7f89393043909a43b2ad2f1b9e79e9bfdd39ffed44c9d3a35ad4624d14b2fbd64faf5ebb793d1128a3fc59f9c24c84920ad6664ce9c39af5d77dd75e6edb7df366de1bdf7de33b6b9d9d9bf7fff6b39c2147f8a3f39499093c05e696444cd88d684b425fdbccacacaedaeeb96729429fe147f729220278194b46644d3346d3532926ca4a4bcbc7c9b6d4aba73b429fe147f7292202781645335078c1c3972b7d68c64d2b469d376c662b1451c718a3fc59f9c24c849a091679f7df6715d4df3cf7ffed364dacf7ef6b34d4cdd50fc29fee424414e028d4647b4cf882eedcd8665cb96ed669484e24ff1272709721268403bb06a216b6b2eef4d57bf7efd36959494742df463efbaee4c1b6753fc29fee424414ea2e0693bf8871e7ac864d3b871e35eb70dc90d857eecb5f5be422701c771cea4f853fcc949829c44c1d2bd69b41d7c362d5cb8f03d5bf4a6d290fcabf807627ab277a7147f8a3f3949d09020efe946791b376ecc6a43b269d3a63a5be8d6d390342afef5ef4e8327018a3fc59f9c24684890f774d75eff4679d9a27fcf16b95d3424c98b7ff0dda986cd73a5f8efdcb9d37cf2c927499fdbbe7d7be8bf03c53fff73527fff4cff1b9b376f4ef99c6a57b6729d9c44419e14c3d08cc247c4238ce27ff3cd379bd1a3477b9fdf7ffffd5af7637af7ee6dbef18d6f789f2bb4899e9e5fb66c9939f2c823cdaf7ffd6bd3ab572f2feebbef3eeff5fed7efbfff7ea37f433bf8eebbefbedea679adfd1db219e4643839b969d32673d451479977df7dd7cc9831c3442291063179f264ef750b172e34f7dc734f83f0f330181f7cf08177e7f2a79e7aaa3eb4fdc1a1871e6afef8c73f3678dc6f525e7cf14573d24927799f9f78e289de715093644ba979e79d77684880d6e8dbb7ef17d91e21b1ff036f6284a4c977a34becbbd04b7bf6ecd931ace1f13ffff9cfe62b5ff98ab9e38e3bbc4663c89021e6bcf3ce33ddba75f33ebfe1861bcc8a152bbcd70e1830c09c7efae926168b99cb2ebbcc1417179baaaa2a3361c204a305d32ad66bd6acf15efbc20b2f784d86e257bffa95f7dc2f7ef18bfac7f47c4b7e078a7ffee7e49d77de697ef0831f789f2f5dbad48c1d3bd60be541870e1dcc134f3ce13df7873ffcc19c75d659a653a74ee68a2bae30575f7db5d78028cf8e3df658f3f8e38f7b79a72659ff1d7addf9e79f9f32f6db6f3fb360c102b375eb56f3f0c30f9bae5dbb7a4df4f1c71f6f5e7ef9651a12a0ad5c77dd75bbb3bd86c41682b7584392b4f83728fa61cfd76bf441b971f7dd779baf7ffdebe688238e30071e78a0f7f9b7bffd6def351f7ef8a1e9dcb9b3b9f1c61bbd86a47ffffede09400d897e6f15ec604352595969bef9cd6f7aaf2b2f2ff79e8b46a3ded77a5ccfa7fb3b50fc0b2327bb77ef6e6a6a6accb5d75eeb35087a4c4dc5c9279f6c2eb8e08206afd5aed3c71d779cf7f9c08103cd77bef31d6f14e5f0c30ff71a13bf21993b77ae39fbecb3ebbfefa38f3ef2463e366cd850ffd839e79c63fef6b7bf99f1e3c77b237afaded34e3bad5143327dfa74dd48b4c9291f721268c2f0e1c35765fb2a1bfb3ff18b5c65d3a0f82f725df7f2c4a21f56f11f356a9477b2ffdef7bee7bd13bdf2ca2bbdf8d6b7be658e39e698faaf35faa122ad62acef5143a2118d534e39c59b6e51d1d6f728fc02af8643457bfdfaf5e68d37def0bef7b5d75ef3bed6e37e4392ceef40f1cfff9c549e1d72c821a6b4b4d49b1ed454cb830f3ee8351dca37351a4f3ef964fd7aa649932679a3216a3ad4907cfffbdf37656565def78e1c39b2be21d1ebd5541c7cf0c1f5a1e70e3ae8a0faaf35d2e7ff1ec1291b3524fa79faf9fa1ebd5639ec37dfe42490a6b163c73e94ed7d48aaababa7b10f8957fc93befb0cbbf8ab41b8f7de7bcdfefbefef8d4e680e5e9be705432322cb972f373ff9c94fbc3977bf211934689079f3cd37cda2458bea87d415ab57afae6f480e38e000f3e52f7fd91b595121d7477dadc7fd86249ddf81e29fff39a9910c4df1a92979e08107bca64953775aeba1e79f7efa69efb9679e79c65b4ba2bc52e831350c175d7491f7f1e8a38f36bffbddef1a34246a324e38e1046f1a66e5ca95de737a93a6afcf3cf3cc064daf5eab11144d15aa21d134927250df13462ed29020afd8ffc9bb0d1830e0f32ceed4ba2b1a8dbecb4eadcd17c6f0f83ffef10faf19d0e73a11e85da1ffeef9dc73cff51696fa532a5a68ea3724fa1e35285a1cd8b16347ef5da9de6dce9f3fbfbe21193c7870fda25615727f51ab1e0f4ed934f777a0f817464e6a64c3364a5eb3aa45ad77dd7597b778da0f8dcae9759f7efaa99932658ae9d2a58bd9b1638779f4d147bd9cd1d48b72d3cf21ad09f19b0cad4151f3121c21d1d79aa2f11b122d96d51a293d6f9b36d6900099604f04ef64eb5e36f67fe049b618cce3a8b78f86440b9ed50c6868da9f7ed13bd36033106c4874d2f01fffe10f7fe83dae779f3a49f80d8986d97562d130ba0ab91620ea6b3d9eac2169ceef40f1cfef9cd4bfa7c5a5871d769839f5d453bde9991ffde847e68c33cef046d6f4b9a67312d790a84978e59557bc291c35bc9aeed3e70a8dbcf90d89d62469c4442379ca494d13ea6be5a6df9068fd8a1a12e59e3f65434302b4b11ffff8c791214386ecc9c228c9b66834ba94bbfdb68f8644270015fa9b6ebac97cf7bbdf3563c68cf1428b56533524fa1e2d3ad5950eba22619f7df6a9bf7457a139765d85a32b1dfca173bdbbd5d7362fbc2b265af23b50fcf33b27b52ee3b1c71e336bd7aef59a0d7f4d92aecafaea57bfdae0b59a2e542e2af7d43c5457577b8b5ed5c86ae4439f2bb486c96f48fc299e64913865135c4392d890fcf297bff42e1326278156a8aaaa5aaeffd13349eb55343ab2b7f96984df904c9b36cd2bb2ba5a466b3582cd80de89a66a48d450e8e4a1f9744dabe867a8a1d01e12c9f621094ed9b4e677a0f8e7774e6ac442a367baca4a8ba5350da3b522c3860df316b4ea73c55b6fbde57dd41a23fd8edbb66df33e2a347aa75113ff6bff9271eda3a386571beef939b96ad52aef6b5ddde55fd1a3913a35da6a48d6ad5be74deff4e9d3c7dc7aebaddef7682446a37e13274e242781d6d09a8e7efdfaedd49a804cb027a8e7ecbfb1d1be0beeced1cefd8644c55a1b8ff9eb37aeb9e61aeff3e79f7fde9b5bb7b9d2e4948d2ea5d43cbb7e8e1a12fd8c741b92747e078a7f7ee7a44629aebffe7aaf31d1d7fadbf7e8d1a351248e4ee86a1c8d92248be1c38737fa77d4c0a4ca492d9cd55a138dce6991adf623d11e3c6a582ebcf042effbbef6b5af79a338e424d04af65d67ccbe1bdda113455bdab061c3fc6834ba96a99af6d390044373edfe10b986a713473b34efaec2af42eccfcb6fd9b2a5fe79ad1fd1fe0e893f578febe7ea9d676b7f078a7f61e564a64239a945b3c96e4fb0b7bc538efb6ba5c849a00dd877b9fd2a2b2bb7b7d548894646d48cd877cbc338ba147f6e64464e12e424d06cb67928292d2dfd68ca94299fb462a1ebb63befbcf3114dd3d8a8e0a852fc29fee424414e0269d39a9268343aabaaaa6ad3d2a54b77a6b3cfc88c193326db86668916b0b26684e24ff12727097212688bc6e42a352615151575b7dd76db8af9f3e7afadadaddde8df904f37cad3bd696a6a6a5e183162c4f4582cb65a8d884645b89a86e24ff127270972126853b6d1e8e2baee20db683c65638deed61bdff1501fd7ebde34da0e9e1d5829fe147f729220270150fc098a3f39494e0200c59fe24f4e12e424008a3f41f12727c94900a0f853fcc949829c0440f12728fee424390900147f8a3f394990930028fe04c59f9c24270180e24ff1272709721200c59fa0f89393e4240050fc29fee424414e02a0f813147f72929c04008a3fc59f9c24c84900147f82e24f4e92930040f1a7f8939304390980e24f50fcc94972120028fe147f729220270150fc098a3f39494e0200c59fe24f4e12e424008a3f91e1983e7d3a0d093949430280e24f84171f7ffcb1292b2b33252525ef388ef3acfd38ca75ddcb6d74b771043949d09000a0f8135989f1e3c7ab21f9c28649121b6d4cb7f1886d50069193040d0980bc316bd62c8a6eeec42e5bfcf7d86663428a86241815e42491ad9ca45202c8b8b973e76eacababa3f0e640d4d6d63e618bff4a4dd1d886635713cdc8a29e3d7b762427896ce524951240c6cd9e3dfbb23973e67cb879f3e69d14e0f0de85aaf0d7d4d4acb57195fe2eb6291993a219d9ae86859c24b29d93009071b6e05c6adf052dd1d0ace68b89ac878efbca60e1afa8a8e86c9b8f2d890d896d465ea8acacdc8f9cccfdd0df2b9f72120050a06cf3d13fa11999613fbe60e32ff93e4a920ff437e3280000da3dad13b127b535f186644b2412393a7ea2abb45167e35a8e120d090000d938a95da5139be33825c1c7a3d1e849f6f1c5ba0cb8b4b4f4188e140d090000993eb18d4876554d7c04a5dac626d775afe448d1900000109a68347a863df9bdad0dd38a8b8b0fe188d0900000108ab2b2b2831cc7f98d3d09ae765df76c8e080d090000619e04ffdbc6fbdac7a4102e0fa6210100204745229123edc9708a8da5f6f3ffe488d0900000109af83e26ba3c78a0fdb20347848604008050388ed3cd9e1817dad0a66ac772446848000008452412d9d79e1c87ebf260dba044382234240000847982ece1baee9bf6e3c4582c762847848604008050f4ead5eb40c7711ed096f47dfaf43987234243020040686c5372893d61d6da8fb74722912f7144684800000885ebba47d893e633365eb79f9fcc11a121010020348ee35cadcb836d5332a888cb8369480000084b241239c19e40e7dba889c5625d38223424000084d594e8f2e01b6d6cb6e1704468480000088de338ff654fa62b5dd79d649b94c338223424000084c236229dec09f53e1b6b6df4e488d0900000109a68347a913db16e701ce77f2eb9e492fd39223424000084a2bcbcfc70db903c6d4fb0cb62b1d8291c111a12000042e3ba6edff8e5c1438ab83c9886040080104fb25d6dccb54dc96cfbf1388e080d090000a1183162c43e8ee30c8b5f1e1ce588d090000010e609f734d77557d8985c5151d199234243020040286c2372806d48eeb627df7536cee788d0900000101adb945c684fc0eb6ddcc5e5c13424000084261289fc9b3d093f69e3ef8ee39c4a434243020040685cd72dd5e5c1b62919aa05b03424000020149148e4787b429ea3d0e7342400002014f1cb8387c637532ba521010000a1d17a12ad2bd1fa12ad33a121010000a1d09537ba024757e2e88a1c1a120000101adb8c9c17dfb3e41eed61424302000042a15d5db5bbab7679d56eaf3424000020cc137654f7c3d17d71f2f1f2601a120000dacf49fbb8f89d83e7ea4ec234240000202c1d6c5332247e79705f1a120000109a582c768a3d892f731ce7e9f2f2f2c3694800004028e297078fb5b1211a8d5e4443020000c23c99f7b4f19e8dfb229148271a120000100adb881ce6baee247b625f198d464fa721010000619ed81d5d1e6ce346dba4ec4b4302000042118bc5bad8137c8d8df9b6293921079b8fa96a40f6124bf84b0200d0fee9f2e041ba3cd8719cab73ac21e961634f530d89fd9d2fe54f0800409eb04dc9c9f604ffba8d67ece747e4505332bd89866451cf9e3d3bf2d70300208f4422912f398e73bb3dd1d7da8f97e44843d2235543621ba7cbf9ab010090a7faf4e9738e3de1afb1f160af5ebd0ecc81a624d95a92258c8e000090e762b1d8a1f6a43fd175dd37354a117243d2682d096b4700002820f6c41fb10dc0261bc3c3bc3cd8fe1ecf323a02004001b30dc0b1365eb6b1d03606dd426a48ce0cac1db998bf0a000085a9836d0606c6ef1edc3fa4c6c85b4bc2e808000005ce719cffb04dc1521bcf45229123b3dc90f4e8ddbb373bb5020080a2a2cacacafd6c7370ab8df7b3bcb854533526fe110000c0db4ced6cdb94acb64dc96fcacaca0ecaf03f77818d6d36c6c53f72950d0000f897e2e2e2436c53f2888db7a3d1e819196e46fc264423245b684a000040038ee3f48e5f1e5cddc68b4e139b91bd3d0e00000a596969e931f17bcf2c8e46a327b5c18fbc782f4d87ff3c6b4a00004043b621b9569707dba86c8366646fcd0623256873b158ac8be338036c0e3f6563958dedf17d7076e9b60af18dfa6ed0eb385a0090c35cd7ed6e0bf65fb477485959d951697efb0545e98d7ca4fb7a2055de5e6e63a68ddd4ddc653a315eb1af2fe5e801408ed2e5c1b6508fd6e5c1368ad36c2ed21df1d0f76da729414bd8fcec6a73f5a5349a9064312f12899cc8d10480dc2df667d978d7719cf17bb93cb8b5d32f4cdf206d362f4ba2d1e8ff059b8b582c66c68c196366cf9e6dd6ad5b673efef863233b76ec30b5b5b566c1820566dcb871c6e6736253b29dd11200c861f69de3c1b658ff5ef3f1ba2f4d9297ec6d016b73b5d5cf4161342397da06e2b360233269d224535757679a63dbb66ddeebf57dc1c624acdb2b00009a4973f4b6606fb431327079705b5f2dc348099ad38c94049b91c183077ba3212da1ef1b3a74686253c2480900e4b2482472b43d194cb345fbb56eddba552434231d6cf48d7f4c47e2f7b1d0152969cd48709aa6bababa7e5aa6a5349d73cb2db7244edf74e76803408e3bf7dc73ef292e2efebc53a74e57069a8adf17fdeb7e35bf4fa32949f57d342548ca362335c19191d63623c1a62461a4641e471b00729bd72c049a91a2f808870944739a926033e24779e079d694a081f8b461fd9a91964ed334357d135c53c2d40d00e4ae544d42b2e6a2a9a624d9eb1f4af27ad69420d890ccf49b052d48cd84c99327334a0200eda419b9388d26235953d2dc6624b12961fa268f1b0ddd81baa9d76867557f21ab4631b66edd9a91864457df245c12dc95bf1000e48ee636057b6b4ad26d4682ff3e7709ce5381299299292e2d2f8a6f07efbdee8e3bee3099a47d4a020dc90dfc850020b79a91e63603a99a927d5ad88c248ed0d094e469431288e9892326f17bd378cfcf993327a30d89364f0bfc2e53f90b0140fb6b469a6a4ade6a4533d2dadf07edab21a91f31f11b93f88df2bcc7db7a316b22ede81af83dd6f317028070b57644225953d29a6624b129614d499e3724c111131b3bfdafdbea52dfa62e010efcdbbbf80b0140783ac71b8771adfc39fb241919792bfe786b8c6be5cdd488761cd910fcf7280700901b23242d1d89686a84249dcdd3182129dc119225ba678d6e55a0dd5319210180c2a593fff6a2ccac21694953c21a92c26848ea1b91c06b584302003425698d48a4bab437d95536e934255c6593ff0dc922edc61a6c4402afe12a1b0040b34726f6b6cf48ba3bbafa7a14b10f493e37248d464412b10f0900a0b92314cdddf42cdda6c49f36ba9c3f41e1d24eadb639d8938d9d5a4b4b4bbf60a75600689f2325e9eec0dadca6c4fff76846c0bd6c00008d464a12a74ffa16a5bfcf0877fb45ba0d49c6eff61b8d46bfe06ebf00d0be9a92e042d7607391cea667a9be8f4b7b91946d145ef11b86c18307b7d925c0bad477c890219f0547479a5ad30200c81d89d3371de2231ce95eca9bf87dadddff04f9dd9074b5b1c56f1caaabab5bdd94a819b9e5965b82eb46b6bbaedb9da30d00edb72969ad64d34140038ee394f80b5cfd9192964edfe8fb12464698aa0180026f4ad8f40ccd661b878a6053a235255ae8aaab649a7b358d16b006d78c286cb3338ca30b00ed576ba75998a641da345262635bb0a15063a27d4ab4799a463ffce91c4dcb6807566d7a76efbdf79abe7dfb7e9eb03bacb6a6afe0a80240fe3425e98e70b080152da63525c1cb815b18f358330200f925dd6917a669d0568dc955f1c6644f3a8d884645b89a06000abb29d176f0ecc08a36a51d5d6d6332287eef9b35ba5baf7fd75edd284ff7a6d176f0ecc00a0085e1e278b3717113cf6fa11901000099966aa484691a0000106a534233020000426d4ac6d18c0000803069cd8829e2d25e000010b2ce1c0200000000000000000000000000000000000000000000000000403efa7fa8de7d5d6d1daabb0000000049454e44ae426082, '1'), ('42514', '1', '请假流程.bpmn20.xml', '42513', 0x3c3f786d6c2076657273696f6e3d27312e302720656e636f64696e673d275554462d38273f3e0a3c646566696e6974696f6e7320786d6c6e733d22687474703a2f2f7777772e6f6d672e6f72672f737065632f42504d4e2f32303130303532342f4d4f44454c2220786d6c6e733a7873693d22687474703a2f2f7777772e77332e6f72672f323030312f584d4c536368656d612d696e7374616e63652220786d6c6e733a7873643d22687474703a2f2f7777772e77332e6f72672f323030312f584d4c536368656d612220786d6c6e733a61637469766974693d22687474703a2f2f61637469766974692e6f72672f62706d6e2220786d6c6e733a62706d6e64693d22687474703a2f2f7777772e6f6d672e6f72672f737065632f42504d4e2f32303130303532342f44492220786d6c6e733a6f6d6764633d22687474703a2f2f7777772e6f6d672e6f72672f737065632f44442f32303130303532342f44432220786d6c6e733a6f6d6764693d22687474703a2f2f7777772e6f6d672e6f72672f737065632f44442f32303130303532342f44492220747970654c616e67756167653d22687474703a2f2f7777772e77332e6f72672f323030312f584d4c536368656d61222065787072657373696f6e4c616e67756167653d22687474703a2f2f7777772e77332e6f72672f313939392f585061746822207461726765744e616d6573706163653d22687474703a2f2f7777772e61637469766974692e6f72672f70726f63657373646566223e0a20203c70726f636573732069643d2270726f636573732220697345786563757461626c653d2274727565223e0a202020203c73746172744576656e742069643d227374617274222f3e0a202020203c757365725461736b2069643d226170706c7922206e616d653d22e8afb7e58187e794b3e8afb7222061637469766974693a61737369676e65653d22247b656d706c6f7965657d222061637469766974693a666f726d4b65793d226c656176652d73746172742e666f726d223e0a2020202020203c657874656e73696f6e456c656d656e74733e0a20202020202020203c61637469766974693a666f726d50726f70657274792069643d2273746172744461746522206e616d653d227374617274446174652220747970653d22646174652220646174655061747465726e3d224d4d2d64642d797979792068683a6d6d222072657175697265643d2274727565222f3e0a20202020202020203c61637469766974693a666f726d50726f70657274792069643d22656e644461746522206e616d653d22656e64446174652220747970653d22646174652220646174655061747465726e3d224d4d2d64642d797979792068683a6d6d222072657175697265643d2274727565222f3e0a20202020202020203c61637469766974693a666f726d50726f70657274792069643d22726561736f6e22206e616d653d22726561736f6e2220747970653d22737472696e67222072657175697265643d2274727565222f3e0a2020202020203c2f657874656e73696f6e456c656d656e74733e0a202020203c2f757365725461736b3e0a202020203c73657175656e6365466c6f772069643d227369642d45354631434434332d344341302d344231322d383035362d3035353632413838433739332220736f757263655265663d22737461727422207461726765745265663d226170706c79222f3e0a202020203c757365725461736b2069643d22617070726f766522206e616d653d22e7bb8fe79086e5aea1e689b9222061637469766974693a63616e64696461746547726f7570733d22e983a8e997a8e7bb8fe79086222f3e0a202020203c73657175656e6365466c6f772069643d227369642d39374232393435442d323143302d343041352d384439382d4445414644314145463646362220736f757263655265663d226170706c7922207461726765745265663d22617070726f7665222f3e0a202020203c6578636c7573697665476174657761792069643d22636f6e646974696f6e222f3e0a202020203c73657175656e6365466c6f772069643d227369642d44413638384642352d354336332d343933432d414141412d3134334236303833453035452220736f757263655265663d22617070726f766522207461726765745265663d22636f6e646974696f6e222f3e0a202020203c73657175656e6365466c6f772069643d227369642d43354234304335342d393233442d343830432d414530322d3630463236414145453834332220736f757263655265663d22636f6e646974696f6e22207461726765745265663d226170706c79223e0a2020202020203c636f6e646974696f6e45787072657373696f6e207873693a747970653d2274466f726d616c45787072657373696f6e223e3c215b43444154415b247b61677265653d3d66616c73657d5d5d3e3c2f636f6e646974696f6e45787072657373696f6e3e0a202020203c2f73657175656e6365466c6f773e0a202020203c656e644576656e742069643d2273746f70222f3e0a202020203c73657175656e6365466c6f772069643d227369642d37413637304633362d413531332d343334442d394338302d3142354437373742353932302220736f757263655265663d22636f6e646974696f6e22207461726765745265663d2273746f70223e0a2020202020203c636f6e646974696f6e45787072657373696f6e207873693a747970653d2274466f726d616c45787072657373696f6e223e3c215b43444154415b247b61677265653d3d747275657d5d5d3e3c2f636f6e646974696f6e45787072657373696f6e3e0a202020203c2f73657175656e6365466c6f773e0a20203c2f70726f636573733e0a20203c62706d6e64693a42504d4e4469616772616d2069643d2242504d4e4469616772616d5f70726f63657373223e0a202020203c62706d6e64693a42504d4e506c616e652062706d6e456c656d656e743d2270726f63657373222069643d2242504d4e506c616e655f70726f63657373223e0a2020202020203c62706d6e64693a42504d4e53686170652062706d6e456c656d656e743d227374617274222069643d2242504d4e53686170655f7374617274223e0a20202020202020203c6f6d6764633a426f756e6473206865696768743d2233302e30222077696474683d2233302e302220783d2234352e302220793d2237302e30222f3e0a2020202020203c2f62706d6e64693a42504d4e53686170653e0a2020202020203c62706d6e64693a42504d4e53686170652062706d6e456c656d656e743d226170706c79222069643d2242504d4e53686170655f6170706c79223e0a20202020202020203c6f6d6764633a426f756e6473206865696768743d2238302e30222077696474683d223130302e302220783d223135302e302220793d2234352e30222f3e0a2020202020203c2f62706d6e64693a42504d4e53686170653e0a2020202020203c62706d6e64693a42504d4e53686170652062706d6e456c656d656e743d22617070726f7665222069643d2242504d4e53686170655f617070726f7665223e0a20202020202020203c6f6d6764633a426f756e6473206865696768743d2238302e30222077696474683d223130302e302220783d223331352e302220793d2234352e30222f3e0a2020202020203c2f62706d6e64693a42504d4e53686170653e0a2020202020203c62706d6e64693a42504d4e53686170652062706d6e456c656d656e743d22636f6e646974696f6e222069643d2242504d4e53686170655f636f6e646974696f6e223e0a20202020202020203c6f6d6764633a426f756e6473206865696768743d2234302e30222077696474683d2234302e302220783d223334352e302220793d223138302e30222f3e0a2020202020203c2f62706d6e64693a42504d4e53686170653e0a2020202020203c62706d6e64693a42504d4e53686170652062706d6e456c656d656e743d2273746f70222069643d2242504d4e53686170655f73746f70223e0a20202020202020203c6f6d6764633a426f756e6473206865696768743d2232382e30222077696474683d2232382e302220783d223531302e302220793d223138362e30222f3e0a2020202020203c2f62706d6e64693a42504d4e53686170653e0a2020202020203c62706d6e64693a42504d4e456467652062706d6e456c656d656e743d227369642d44413638384642352d354336332d343933432d414141412d313433423630383345303545222069643d2242504d4e456467655f7369642d44413638384642352d354336332d343933432d414141412d313433423630383345303545223e0a20202020202020203c6f6d6764693a776179706f696e7420783d223336352e31373331363031373331363031372220793d223132352e30222f3e0a20202020202020203c6f6d6764693a776179706f696e7420783d223336352e343133303433343738323630392220793d223138302e3431333034333437383236303837222f3e0a2020202020203c2f62706d6e64693a42504d4e456467653e0a2020202020203c62706d6e64693a42504d4e456467652062706d6e456c656d656e743d227369642d45354631434434332d344341302d344231322d383035362d303535363241383843373933222069643d2242504d4e456467655f7369642d45354631434434332d344341302d344231322d383035362d303535363241383843373933223e0a20202020202020203c6f6d6764693a776179706f696e7420783d2237352e302220793d2238352e30222f3e0a20202020202020203c6f6d6764693a776179706f696e7420783d223135302e302220793d2238352e30222f3e0a2020202020203c2f62706d6e64693a42504d4e456467653e0a2020202020203c62706d6e64693a42504d4e456467652062706d6e456c656d656e743d227369642d37413637304633362d413531332d343334442d394338302d314235443737374235393230222069643d2242504d4e456467655f7369642d37413637304633362d413531332d343334442d394338302d314235443737374235393230223e0a20202020202020203c6f6d6764693a776179706f696e7420783d223338352e302220793d223230302e30222f3e0a20202020202020203c6f6d6764693a776179706f696e7420783d223531302e302220793d223230302e30222f3e0a2020202020203c2f62706d6e64693a42504d4e456467653e0a2020202020203c62706d6e64693a42504d4e456467652062706d6e456c656d656e743d227369642d43354234304335342d393233442d343830432d414530322d363046323641414545383433222069643d2242504d4e456467655f7369642d43354234304335342d393233442d343830432d414530322d363046323641414545383433223e0a20202020202020203c6f6d6764693a776179706f696e7420783d223335332e313331363732353937383634382220793d223139312e3836383332373430323133353234222f3e0a20202020202020203c6f6d6764693a776179706f696e7420783d223235302e302220793d223131392e3839343235393831383733313131222f3e0a2020202020203c2f62706d6e64693a42504d4e456467653e0a2020202020203c62706d6e64693a42504d4e456467652062706d6e456c656d656e743d227369642d39374232393435442d323143302d343041352d384439382d444541464431414546364636222069643d2242504d4e456467655f7369642d39374232393435442d323143302d343041352d384439382d444541464431414546364636223e0a20202020202020203c6f6d6764693a776179706f696e7420783d223235302e302220793d2238352e30222f3e0a20202020202020203c6f6d6764693a776179706f696e7420783d223331352e302220793d2238352e30222f3e0a2020202020203c2f62706d6e64693a42504d4e456467653e0a202020203c2f62706d6e64693a42504d4e506c616e653e0a20203c2f62706d6e64693a42504d4e4469616772616d3e0a3c2f646566696e6974696f6e733e, '0'), ('42515', '1', '请假流程.process.png', '42513', 0x89504e470d0a1a0a0000000d4948445200000224000000e60806000000e54c9ee600001a5e4944415478daeddd0b7454d5bdc7f1a058c527bd3eaa162d165d977badb55ea9b5d62af551b557a2a2c3c9994942a434a915298274512d0d028aca557cdfb65815c4a2d52a8a884240e45d69a950292a0af28840908b8a801475dffd3b9d93753299099924336732f3fdacf55f496626219efcfd9fffecbdcf3e4545000000000000000000000000000000000000000000000000000000000000000000000000000000000000000000000000000000000000000000000000000000000000000000000000000000000000000000000000000000000000000000000000000000000000000000000000000000000000000000000000000000000000000000000000000000000000000000000000f9c818d371f5ead54f2d5ebcf8f359b3669999336712598e9a9a1a3377eedc0f6c949291e4243909a020a9f0cf9b37cfd4d5d599ddbb771321c5962d5bccabafbefa913d115c454e9293e4248082a377a114fe9c3901ecb6ef4e579293e4243909a0e068489cc29b3b618bff1e72929c242701141ccd17537473aaf81b72929c24270150fc53c4271f6e34ab973c6256d48cf4429feb310a36c59f9c242701202bc57ffbb65af3c6cbc3cdb269431b841ed373146d8a3f39494e0240c68bfffa15cf372afc7e6c583195a24df12727c94900c87cf15ff9caed298bbf9ea36853fcc949721200325efcdf98392265f1d773146d8a3f39494e0200c59fe24f4e9293e42480fc2ffeba822155f1d773146d8a3f39494e0240c68bffaa05f7a72cfe7a8ea24df12727c94900c878f1df5abbdcbc31a3baf1d0b87d4ccf51b429fee424390900192ffe8a357f99d8a8f8eb310a36c59f9c242701203bc5ffd34fcdaa85ffdb7868dc3ea6e728da147f72929c04808c167fed7af9f682fb52ced7eb3976c6a4f89393e4240064a6f8db77991b57cd367f7fe9c69485df0fbd46afe59d29c59f9c242701a0cd8affdede81f2ce94e24f4e92930090f1e2df9c77a04dbd33a58853fcc9497212005a5dfc5b5af8fda08853fcc9497212005a5dfc098a3f394990930028fe147f72925c20270150fc098a3f394990930028fe147f72925c2027816c33c61cb07cf9f2aa091326bc7adb6db77d3470e0c03d151515a6a4a4c49496967e71cd35d7ecbee9a69b56df7efbed936cfc3b478ce24ff1272709721268d346e44f7ffad3c451a346ed19346890f9ed6f7f6b162f5e6c6a6b6bcdae5dbb8ce8635d5d9df9eb5fff6a6cc3627efef39f7f71fdf5d7bf575959d99f2348f1a7f89393043909b48a6d3cfa8d1e3dfad3a143877acdc6679f7d669aebf5d75f37c3860dfbacaaaa6a6524123991a349f1a7f89393043909a43b2ad2f1b9e79e9bfdd39ffed44c9d3a35ad4624d14b2fbd64faf5ebb793d1128a3fc59f9c24c84920ad6664ce9c39af5d77dd75e6edb7df366de1bdf7de33b6b9d9d9bf7fff6b39c2147f8a3f39499093c05e696444cd88d684b425fdbccacacaedaeeb96729429fe147f729220278194b46644d3346d3532926ca4a4bcbc7c9b6d4aba73b429fe147f7292202781645335078c1c3972b7d68c64d2b469d376c662b1451c718a3fc59f9c24c849a091679f7df6715d4df3cf7ffed364dacf7ef6b34d4cdd50fc29fee424414e028d4647b4cf882eedcd8665cb96ed669484e24ff1272709721268403bb06a216b6b2eef4d57bf7efd36959494742df463efbaee4c1b6753fc29fee424414ea2e0693bf8871e7ac864d3b871e35eb70dc90d857eecb5f5be422701c771cea4f853fcc949829c44c1d2bd69b41d7c362d5cb8f03d5bf4a6d290fcabf807627ab277a7147f8a3f3949d09020efe946791b376ecc6a43b269d3a63a5be8d6d390342afef5ef4e8327018a3fc59f9c24684890f774d75eff4679d9a27fcf16b95d3424c98b7ff0dda986cd73a5f8efdcb9d37cf2c927499fdbbe7d7be8bf03c53fff73527fff4cff1b9b376f4ef99c6a57b6729d9c44419e14c3d08cc247c4238ce27ff3cd379bd1a3477b9fdf7ffffd5af7637af7ee6dbef18d6f789f2bb4899e9e5fb66c9939f2c823cdaf7ffd6bd3ab572f2feebbef3eeff5fed7efbfff7ea37f433bf8eebbefbedea679adfd1db219e4643839b969d32673d451479977df7dd7cc9831c3442291063179f264ef750b172e34f7dc734f83f0f330181f7cf08177e7f2a79e7aaa3eb4fdc1a1871e6afef8c73f3678dc6f525e7cf14573d24927799f9f78e289de715093644ba979e79d77684880d6e8dbb7ef17d91e21b1ff036f6284a4c977a34becbbd04b7bf6ecd931ace1f13ffff9cfe62b5ff98ab9e38e3bbc4663c89021e6bcf3ce33ddba75f33ebfe1861bcc8a152bbcd70e1830c09c7efae926168b99cb2ebbcc1417179baaaa2a3361c204a305d32ad66bd6acf15efbc20b2f784d86e257bffa95f7dc2f7ef18bfac7f47c4b7e078a7ffee7e49d77de697ef0831f789f2f5dbad48c1d3bd60be541870e1dcc134f3ce13df7873ffcc19c75d659a653a74ee68a2bae30575f7db5d78028cf8e3df658f3f8e38f7b79a72659ff1d7addf9e79f9f32f6db6f3fb360c102b375eb56f3f0c30f9bae5dbb7a4df4f1c71f6f5e7ef9651a12a0ad5c77dd75bbb3bd86c41682b7584392b4f83728fa61cfd76bf441b971f7dd779baf7ffdebe688238e30071e78a0f7f9b7bffd6def351f7ef8a1e9dcb9b3b9f1c61bbd86a47ffffede09400d897e6f15ec604352595969bef9cd6f7aaf2b2f2ff79e8b46a3ded77a5ccfa7fb3b50fc0b2327bb77ef6e6a6a6accb5d75eeb35087a4c4dc5c9279f6c2eb8e08206afd5aed3c71d779cf7f9c08103cd77bef31d6f14e5f0c30ff71a13bf21993b77ae39fbecb3ebbfefa38f3ef2463e366cd850ffd839e79c63fef6b7bf99f1e3c77b237afaded34e3bad5143327dfa74dd48b4c9291f721268c2f0e1c35765fb2a1bfb3ff18b5c65d3a0f82f725df7f2c4a21f56f11f356a9477b2ffdef7bee7bd13bdf2ca2bbdf8d6b7be658e39e698faaf35faa122ad62acef5143a2118d534e39c59b6e51d1d6f728fc02af8643457bfdfaf5e68d37def0bef7b5d75ef3bed6e37e4392ceef40f1cfff9c549e1d72c821a6b4b4d49b1ed454cb830f3ee8351dca37351a4f3ef964fd7aa649932679a3216a3ad4907cfffbdf37656565def78e1c39b2be21d1ebd5541c7cf0c1f5a1e70e3ae8a0faaf35d2e7ff1ec1291b3524fa79faf9fa1ebd5639ec37dfe42490a6b163c73e94ed7d48aaababa7b10f8957fc93befb0cbbf8ab41b8f7de7bcdfefbefef8d4e680e5e9be705432322cb972f373ff9c94fbc3977bf211934689079f3cd37cda2458bea87d415ab57afae6f480e38e000f3e52f7fd91b595121d7477dadc7fd86249ddf81e29fff39a9910c4df1a92979e08107bca64953775aeba1e79f7efa69efb9679e79c65b4ba2bc52e831350c175d7491f7f1e8a38f36bffbddef1a34246a324e38e1046f1a66e5ca95de737a93a6afcf3cf3cc064daf5eab11144d15aa21d134927250df13462ed29020afd8ffc9bb0d1830e0f32ceed4ba2b1a8dbecb4eadcd17c6f0f83ffef10faf19d0e73a11e85da1ffeef9dc73cff51696fa532a5a68ea3724fa1e35285a1cd8b16347ef5da9de6dce9f3fbfbe21193c7870fda25615727f51ab1e0f4ed934f777a0f817464e6a64c3364a5eb3aa45ad77dd7597b778da0f8dcae9759f7efaa99932658ae9d2a58bd9b1638779f4d147bd9cd1d48b72d3cf21ad09f19b0cad4151f3121c21d1d79aa2f11b122d96d51a293d6f9b36d6900099604f04ef64eb5e36f67fe049b618cce3a8b78f86440b9ed50c6868da9f7ed13bd36033106c4874d2f01fffe10f7fe83dae779f3a49f80d8986d97562d130ba0ab91620ea6b3d9eac2169ceef40f1cfef9cd4bfa7c5a5871d769839f5d453bde9991ffde847e68c33cef046d6f4b9a67312d790a84978e59557bc291c35bc9aeed3e70a8dbcf90d89d62469c4442379ca494d13ea6be5a6df9068fd8a1a12e59e3f65434302b4b11ffff8c791214386ecc9c228c9b66834ba94bbfdb68f8644270015fa9b6ebac97cf7bbdf3563c68cf1428b56533524fa1e2d3ad5950eba22619f7df6a9bf7457a139765d85a32b1dfca173bdbbd5d7362fbc2b265af23b50fcf33b27b52ee3b1c71e336bd7aef59a0d7f4d92aecafaea57bfdae0b59a2e542e2af7d43c5457577b8b5ed5c86ae4439f2bb486c96f48fc299e64913865135c4392d890fcf297bff42e1326278156a8aaaa5aaeffd13349eb55343ab2b7f96984df904c9b36cd2bb2ba5a466b3582cd80de89a66a48d450e8e4a1f9744dabe867a8a1d01e12c9f621094ed9b4e677a0f8e7774e6ac442a367baca4a8ba5350da3b522c3860df316b4ea73c55b6fbde57dd41a23fd8edbb66df33e2a347aa75113ff6bff9271eda3a386571beef939b96ad52aef6b5ddde55fd1a3913a35da6a48d6ad5be74deff4e9d3c7dc7aebaddef7682446a37e13274e242781d6d09a8e7efdfaedd49a804cb027a8e7ecbfb1d1be0beeced1cefd8644c55a1b8ff9eb37aeb9e61aeff3e79f7fde9b5bb7b9d2e4948d2ea5d43cbb7e8e1a12fd8c741b92747e078a7f7ee7a44629aebffe7aaf31d1d7fadbf7e8d1a351248e4ee86a1c8d92248be1c38737fa77d4c0a4ca492d9cd55a138dce6991adf623d11e3c6a582ebcf042effbbef6b5af79a338e424d04af65d67ccbe1bdda113455bdab061c3fc6834ba96a99af6d390044373edfe10b986a713473b34efaec2af42eccfcb6fd9b2a5fe79ad1fd1fe0e893f578febe7ea9d676b7f078a7f61e564a64239a945b3c96e4fb0b7bc538efb6ba5c849a00dd877b9fd2a2b2bb7b7d548894646d48cd877cbc338ba147f6e64464e12e424d06cb67928292d2dfd68ca94299fb462a1ebb63befbcf3114dd3d8a8e0a852fc29fee424414e0269d39a9268343aabaaaa6ad3d2a54b77a6b3cfc88c193326db86668916b0b26684e24ff12727097212688bc6e42a352615151575b7dd76db8af9f3e7afadadaddde8df904f37cad3bd696a6a6a5e183162c4f4582cb65a8d884645b89a86e24ff127270972126853b6d1e8e2baee20db683c65638deed61bdff1501fd7ebde34da0e9e1d5829fe147f729220270150fc098a3f39494e0200c59fe24f4e12e424008a3f41f12727c94900a0f853fcc949829c0440f12728fee424390900147f8a3f394990930028fe04c59f9c24270180e24ff1272709721200c59fa0f89393e4240050fc29fee424414e02a0f813147f72929c04008a3fc59f9c24c84900147f82e24f4e92930040f1a7f8939304390980e24f50fcc94972120028fe147f729220270150fc098a3f39494e0200c59fe24f4e12e424008a3f91e1983e7d3a0d093949430280e24f84171f7ffcb1292b2b33252525ef388ef3acfd38ca75ddcb6d74b771043949d09000a0f8135989f1e3c7ab21f9c28649121b6d4cb7f1886d50069193040d0980bc316bd62c8a6eeec42e5bfcf7d86663428a86241815e42491ad9ca45202c8b8b973e76eacababa3f0e640d4d6d63e618bff4a4dd1d886635713cdc8a29e3d7b762427896ce524951240c6cd9e3dfbb23973e67cb879f3e69d14e0f0de85aaf0d7d4d4acb57195fe2eb6291993a219d9ae86859c24b29d93009071b6e05c6adf052dd1d0ace68b89ac878efbca60e1afa8a8e86c9b8f2d890d896d465ea8acacdc8f9cccfdd0df2b9f72120050a06cf3d13fa11999613fbe60e32ff93e4a920ff437e3280000da3dad13b127b535f186644b2412393a7ea2abb45167e35a8e120d090000d938a95da5139be33825c1c7a3d1e849f6f1c5ba0cb8b4b4f4188e140d090000993eb18d4876554d7c04a5dac626d775afe448d1900000109a68347a863df9bdad0dd38a8b8b0fe188d0900000108ab2b2b2831cc7f98d3d09ae765df76c8e080d090000619e04ffdbc6fbdac7a4102e0fa6210100204745229123edc9708a8da5f6f3ffe488d0900000109af83e26ba3c78a0fdb20347848604008050388ed3cd9e1817dad0a66ac772446848000008452412d9d79e1c87ebf260dba044382234240000847982ece1baee9bf6e3c4582c762847848604008050f4ead5eb40c7711ed096f47dfaf43987234243020040686c5372893d61d6da8fb74722912f7144684800000885ebba47d893e633365eb79f9fcc11a121010020348ee35cadcb836d5332a888cb8369480000084b241239c19e40e7dba889c5625d38223424000084d594e8f2e01b6d6cb6e1704468480000088de338ff654fa62b5dd79d649b94c338223424000084c236229dec09f53e1b6b6df4e488d0900000109a68347a913db16e701ce77f2eb9e492fd39223424000084a2bcbcfc70db903c6d4fb0cb62b1d8291c111a12000042e3ba6edff8e5c1438ab83c9886040080104fb25d6dccb54dc96cfbf1388e080d090000a1183162c43e8ee30c8b5f1e1ce588d090000010e609f734d77557d8985c5151d199234243020040286c2372806d48eeb627df7536cee788d0900000101adb945c684fc0eb6ddcc5e5c13424000084261289fc9b3d093f69e3ef8ee39c4a434243020040685cd72dd5e5c1b62919aa05b03424000020149148e4787b429ea3d0e7342400002014f1cb8387c637532ba521010000a1d17a12ad2bd1fa12ad33a121010000a1d09537ba024757e2e88a1c1a120000101adb8c9c17dfb3e41eed61424302000042a15d5db5bbab7679d56eaf3424000020cc137654f7c3d17d71f2f1f2601a120000dacf49fbb8f89d83e7ea4ec234240000202c1d6c5332247e79705f1a120000109a582c768a3d892f731ce7e9f2f2f2c3694800004028e297078fb5b1211a8d5e4443020000c23c99f7b4f19e8dfb229148271a120000100adb881ce6baee247b625f198d464fa721010000619ed81d5d1e6ce346dba4ec4b4302000042118bc5bad8137c8d8df9b6293921079b8fa96a40f6124bf84b0200d0fee9f2e041ba3cd8719cab73ac21e961634f530d89fd9d2fe54f0800409eb04dc9c9f604ffba8d67ece747e4505332bd89866451cf9e3d3bf2d70300208f4422912f398e73bb3dd1d7da8f97e44843d2235543621ba7cbf9ab010090a7faf4e9738e3de1afb1f160af5ebd0ecc81a624d95a92258c8e000090e762b1d8a1f6a43fd175dd37354a117243d2682d096b4700002820f6c41fb10dc0261bc3c3bc3cd8fe1ecf323a02004001b30dc0b1365eb6b1d03606dd426a48ce0cac1db998bf0a000085a9836d0606c6ef1edc3fa4c6c85b4bc2e808000005ce719cffb04dc1521bcf45229123b3dc90f4e8ddbb373bb5020080a2a2cacacafd6c7370ab8df7b3bcb854533526fe110000c0db4ced6cdb94acb64dc96fcacaca0ecaf03f77818d6d36c6c53f72950d0000f897e2e2e2436c53f2888db7a3d1e819196e46fc264423245b684a000040038ee3f48e5f1e5cddc68b4e139b91bd3d0e00000a596969e931f17bcf2c8e46a327b5c18fbc782f4d87ff3c6b4a00004043b621b9569707dba86c8366646fcd0623256873b158ac8be338036c0e3f6563958dedf17d7076e9b60af18dfa6ed0eb385a0090c35cd7ed6e0bf65fb477485959d951697efb0545e98d7ca4fb7a2055de5e6e63a68ddd4ddc653a315eb1af2fe5e801408ed2e5c1b6508fd6e5c1368ad36c2ed21df1d0f76da729414bd8fcec6a73f5a5349a9064312f12899cc8d10480dc2df667d978d7719cf17bb93cb8b5d32f4cdf206d362f4ba2d1e8ff059b8b582c66c68c196366cf9e6dd6ad5b673efef863233b76ec30b5b5b566c1820566dcb871c6e6736253b29dd11200c861f69de3c1b658ff5ef3f1ba2f4d9297ec6d016b73b5d5cf4161342397da06e2b360233269d224535757679a63dbb66ddeebf57dc1c624acdb2b00009a4973f4b6606fb431327079705b5f2dc348099ad38c94049b91c183077ba3212da1ef1b3a74686253c2480900e4b2482472b43d194cb345fbb56eddba552434231d6cf48d7f4c47e2f7b1d0152969cd48709aa6bababa7e5aa6a5349d73cb2db7244edf74e76803408e3bf7dc73ef292e2efebc53a74e57069a8adf17fdeb7e35bf4fa32949f57d342548ca362335c19191d63623c1a62461a4641e471b00729bd72c049a91a2f808870944739a926033e24779e079d694a081f8b461fd9a91964ed334357d135c53c2d40d00e4ae544d42b2e6a2a9a624d9eb1f4af27ad69420d890ccf49b052d48cd84c99327334a0200eda419b9388d26235953d2dc6624b12961fa268f1b0ddd81baa9d76867557f21ab4631b66edd9a91864457df245c12dc95bf1000e48ee636057b6b4ad26d4682ff3e7709ce5381299299292e2d2f8a6f07efbdee8e3bee3099a47d4a020dc90dfc850020b79a91e63603a99a927d5ad88c248ed0d094e469431288e9892326f17bd378cfcf993327a30d89364f0bfc2e53f90b0140fb6b469a6a4ade6a4533d2dadf07edab21a91f31f11b93f88df2bcc7db7a316b22ede81af83dd6f317028070b57644225953d29a6624b129614d499e3724c111131b3bfdafdbea52dfa62e010efcdbbbf80b0140783ac71b8771adfc39fb241919792bfe786b8c6be5cdd488761cd910fcf7280700901b23242d1d89686a84249dcdd3182129dc119225ba678d6e55a0dd5319210180c2a593fff6a2ccac21694953c21a92c26848ea1b91c06b584302003425698d48a4bab437d95536e934255c6593ff0dc922edc61a6c4402afe12a1b0040b34726f6b6cf48ba3bbafa7a14b10f493e37248d464412b10f0900a0b92314cdddf42cdda6c49f36ba9c3f41e1d24eadb639d8938d9d5a4b4b4bbf60a75600689f2325e9eec0dadca6c4fff76846c0bd6c00008d464a12a74ffa16a5bfcf0877fb45ba0d49c6eff61b8d46bfe06ebf00d0be9a92e042d7607391cea667a9be8f4b7b91946d145ef11b86c18307b7d925c0bad477c890219f0547479a5ad30200c81d89d3371de2231ce95eca9bf87dadddff04f9dd9074b5b1c56f1caaabab5bdd94a819b9e5965b82eb46b6bbaedb9da30d00edb72969ad64d34140038ee394f80b5cfd9192964edfe8fb12464698aa0180026f4ad8f40ccd661b878a6053a235255ae8aaab649a7b358d16b006d78c286cb3338ca30b00ed576ba75998a641da345262635bb0a15063a27d4ab4799a463ffce91c4dcb6807566d7a76efbdf79abe7dfb7e9eb03bacb6a6afe0a80240fe3425e98e70b080152da63525c1cb815b18f358330200f925dd6917a669d0568dc955f1c6644f3a8d884645b89a06000abb29d176f0ecc08a36a51d5d6d6332287eef9b35ba5baf7fd75edd284ff7a6d176f0ecc00a0085e1e278b3717113cf6fa11901000099966aa484691a0000106a534233020000426d4ac6d18c0000803069cd8829e2d25e000010b2ce1c0200000000000000000000000000000000000000000000000000403efa7fa8de7d5d6d1daabb0000000049454e44ae426082, '1'), ('5002', '1', '请假流程.bpmn20.xml', '5001', 0x3c3f786d6c2076657273696f6e3d27312e302720656e636f64696e673d275554462d38273f3e0a3c646566696e6974696f6e7320786d6c6e733d22687474703a2f2f7777772e6f6d672e6f72672f737065632f42504d4e2f32303130303532342f4d4f44454c2220786d6c6e733a7873693d22687474703a2f2f7777772e77332e6f72672f323030312f584d4c536368656d612d696e7374616e63652220786d6c6e733a7873643d22687474703a2f2f7777772e77332e6f72672f323030312f584d4c536368656d612220786d6c6e733a61637469766974693d22687474703a2f2f61637469766974692e6f72672f62706d6e2220786d6c6e733a62706d6e64693d22687474703a2f2f7777772e6f6d672e6f72672f737065632f42504d4e2f32303130303532342f44492220786d6c6e733a6f6d6764633d22687474703a2f2f7777772e6f6d672e6f72672f737065632f44442f32303130303532342f44432220786d6c6e733a6f6d6764693d22687474703a2f2f7777772e6f6d672e6f72672f737065632f44442f32303130303532342f44492220747970654c616e67756167653d22687474703a2f2f7777772e77332e6f72672f323030312f584d4c536368656d61222065787072657373696f6e4c616e67756167653d22687474703a2f2f7777772e77332e6f72672f313939392f585061746822207461726765744e616d6573706163653d22687474703a2f2f7777772e61637469766974692e6f72672f70726f63657373646566223e0a20203c70726f636573732069643d2270726f636573732220697345786563757461626c653d2274727565223e0a202020203c73746172744576656e742069643d227374617274222f3e0a202020203c757365725461736b2069643d226170706c7922206e616d653d22e8afb7e58187e794b3e8afb7222061637469766974693a61737369676e65653d22247b656d706c6f7965657d222f3e0a202020203c73657175656e6365466c6f772069643d227369642d45354631434434332d344341302d344231322d383035362d3035353632413838433739332220736f757263655265663d22737461727422207461726765745265663d226170706c79222f3e0a202020203c757365725461736b2069643d22617070726f766522206e616d653d22e7bb8fe79086e5aea1e689b9222061637469766974693a63616e64696461746547726f7570733d22e983a8e997a8e7bb8fe79086222f3e0a202020203c73657175656e6365466c6f772069643d227369642d39374232393435442d323143302d343041352d384439382d4445414644314145463646362220736f757263655265663d226170706c7922207461726765745265663d22617070726f7665222f3e0a202020203c6578636c7573697665476174657761792069643d22636f6e646974696f6e222f3e0a202020203c73657175656e6365466c6f772069643d227369642d44413638384642352d354336332d343933432d414141412d3134334236303833453035452220736f757263655265663d22617070726f766522207461726765745265663d22636f6e646974696f6e222f3e0a202020203c73657175656e6365466c6f772069643d227369642d43354234304335342d393233442d343830432d414530322d3630463236414145453834332220736f757263655265663d22636f6e646974696f6e22207461726765745265663d226170706c79223e0a2020202020203c636f6e646974696f6e45787072657373696f6e207873693a747970653d2274466f726d616c45787072657373696f6e223e3c215b43444154415b247b61677265653d3d66616c73657d5d5d3e3c2f636f6e646974696f6e45787072657373696f6e3e0a202020203c2f73657175656e6365466c6f773e0a202020203c656e644576656e742069643d2273746f70222f3e0a202020203c73657175656e6365466c6f772069643d227369642d37413637304633362d413531332d343334442d394338302d3142354437373742353932302220736f757263655265663d22636f6e646974696f6e22207461726765745265663d2273746f70223e0a2020202020203c636f6e646974696f6e45787072657373696f6e207873693a747970653d2274466f726d616c45787072657373696f6e223e3c215b43444154415b247b61677265653d3d747275657d5d5d3e3c2f636f6e646974696f6e45787072657373696f6e3e0a202020203c2f73657175656e6365466c6f773e0a20203c2f70726f636573733e0a20203c62706d6e64693a42504d4e4469616772616d2069643d2242504d4e4469616772616d5f70726f63657373223e0a202020203c62706d6e64693a42504d4e506c616e652062706d6e456c656d656e743d2270726f63657373222069643d2242504d4e506c616e655f70726f63657373223e0a2020202020203c62706d6e64693a42504d4e53686170652062706d6e456c656d656e743d227374617274222069643d2242504d4e53686170655f7374617274223e0a20202020202020203c6f6d6764633a426f756e6473206865696768743d2233302e30222077696474683d2233302e302220783d2234352e302220793d2237352e30222f3e0a2020202020203c2f62706d6e64693a42504d4e53686170653e0a2020202020203c62706d6e64693a42504d4e53686170652062706d6e456c656d656e743d226170706c79222069643d2242504d4e53686170655f6170706c79223e0a20202020202020203c6f6d6764633a426f756e6473206865696768743d2238302e30222077696474683d223130302e302220783d223135302e302220793d2234352e30222f3e0a2020202020203c2f62706d6e64693a42504d4e53686170653e0a2020202020203c62706d6e64693a42504d4e53686170652062706d6e456c656d656e743d22617070726f7665222069643d2242504d4e53686170655f617070726f7665223e0a20202020202020203c6f6d6764633a426f756e6473206865696768743d2238302e30222077696474683d223130302e302220783d223331352e302220793d2234352e30222f3e0a2020202020203c2f62706d6e64693a42504d4e53686170653e0a2020202020203c62706d6e64693a42504d4e53686170652062706d6e456c656d656e743d22636f6e646974696f6e222069643d2242504d4e53686170655f636f6e646974696f6e223e0a20202020202020203c6f6d6764633a426f756e6473206865696768743d2234302e30222077696474683d2234302e302220783d223334352e302220793d223138302e30222f3e0a2020202020203c2f62706d6e64693a42504d4e53686170653e0a2020202020203c62706d6e64693a42504d4e53686170652062706d6e456c656d656e743d2273746f70222069643d2242504d4e53686170655f73746f70223e0a20202020202020203c6f6d6764633a426f756e6473206865696768743d2232382e30222077696474683d2232382e302220783d223531302e302220793d223138362e30222f3e0a2020202020203c2f62706d6e64693a42504d4e53686170653e0a2020202020203c62706d6e64693a42504d4e456467652062706d6e456c656d656e743d227369642d44413638384642352d354336332d343933432d414141412d313433423630383345303545222069643d2242504d4e456467655f7369642d44413638384642352d354336332d343933432d414141412d313433423630383345303545223e0a20202020202020203c6f6d6764693a776179706f696e7420783d223336352e31373331363031373331363031372220793d223132352e30222f3e0a20202020202020203c6f6d6764693a776179706f696e7420783d223336352e343133303433343738323630392220793d223138302e3431333034333437383236303837222f3e0a2020202020203c2f62706d6e64693a42504d4e456467653e0a2020202020203c62706d6e64693a42504d4e456467652062706d6e456c656d656e743d227369642d45354631434434332d344341302d344231322d383035362d303535363241383843373933222069643d2242504d4e456467655f7369642d45354631434434332d344341302d344231322d383035362d303535363241383843373933223e0a20202020202020203c6f6d6764693a776179706f696e7420783d2237352e302220793d2239302e30222f3e0a20202020202020203c6f6d6764693a776179706f696e7420783d223131322e352220793d2239302e30222f3e0a20202020202020203c6f6d6764693a776179706f696e7420783d223131322e352220793d2238352e30222f3e0a20202020202020203c6f6d6764693a776179706f696e7420783d223135302e302220793d2238352e30222f3e0a2020202020203c2f62706d6e64693a42504d4e456467653e0a2020202020203c62706d6e64693a42504d4e456467652062706d6e456c656d656e743d227369642d37413637304633362d413531332d343334442d394338302d314235443737374235393230222069643d2242504d4e456467655f7369642d37413637304633362d413531332d343334442d394338302d314235443737374235393230223e0a20202020202020203c6f6d6764693a776179706f696e7420783d223338352e302220793d223230302e30222f3e0a20202020202020203c6f6d6764693a776179706f696e7420783d223531302e302220793d223230302e30222f3e0a2020202020203c2f62706d6e64693a42504d4e456467653e0a2020202020203c62706d6e64693a42504d4e456467652062706d6e456c656d656e743d227369642d43354234304335342d393233442d343830432d414530322d363046323641414545383433222069643d2242504d4e456467655f7369642d43354234304335342d393233442d343830432d414530322d363046323641414545383433223e0a20202020202020203c6f6d6764693a776179706f696e7420783d223335332e313331363732353937383634382220793d223139312e3836383332373430323133353234222f3e0a20202020202020203c6f6d6764693a776179706f696e7420783d223235302e302220793d223131392e3839343235393831383733313131222f3e0a2020202020203c2f62706d6e64693a42504d4e456467653e0a2020202020203c62706d6e64693a42504d4e456467652062706d6e456c656d656e743d227369642d39374232393435442d323143302d343041352d384439382d444541464431414546364636222069643d2242504d4e456467655f7369642d39374232393435442d323143302d343041352d384439382d444541464431414546364636223e0a20202020202020203c6f6d6764693a776179706f696e7420783d223235302e302220793d2238352e30222f3e0a20202020202020203c6f6d6764693a776179706f696e7420783d223331352e302220793d2238352e30222f3e0a2020202020203c2f62706d6e64693a42504d4e456467653e0a202020203c2f62706d6e64693a42504d4e506c616e653e0a20203c2f62706d6e64693a42504d4e4469616772616d3e0a3c2f646566696e6974696f6e733e, '0'), ('5003', '1', '请假流程.process.png', '5001', 0x89504e470d0a1a0a0000000d4948445200000224000000e60806000000e54c9ee600001a634944415478daeddd097854e5bdc7f1a058c515af685dd0a2e873b9d7fd8ad65aabd4a52e57a24587c39949424c69523744101faab5504011b98afbadc5d64ab1687141111108882c8262a952111505592210e4a22020457deffb3b9d939e0c33219364e60c33dfcff3fc9f4c6609e399bffff39ff7bce73d4545000000000000000000000000000000000000000000000000000000000000000000000000000000000000000000000000000000000000000000000000000000000000000000000000000000000000000000000000000000000000000000000000000000000000000000000000000000000000000000000000000000000000000000000000000000000000000000000000f9c818d37ae9d2a5e3e6cd9bf7cdb469d3ccd4a953892c477575b5993973e667364ac84872929c04509054f867cd9a656a6b6bcdb66ddb889062ddba75e6b5d75efbc2ee08ae2227c949721240c1d1b7500a7fceec00b6d96fa78bc94972929c04507034244ee1cd9db0c57f3b39494e9293000a8e8e17537473aaf81b72929c24270150fc53c4979faf364be73f6e16550ff642b7751f059be24f4e9293009095e2bf69438d7977f2ede69d89fdeb85eed363146d8a3f39494e0240c68bffca452fee50f8fd58b56802459be24f4e92930090f9e2bff8d5e1298bbf1ea36853fcc949721200325efcdf9d3a2865f1d763146d8a3f39494e0200c59fe24f4e9293e42480fc2ffe3a832155f1d763146d8a3f39494e0240c68bff92390fa52cfe7a8ca24df12727c94900c878f15f5fb3d0bc3b65e08e43e3f63e3d46d1a6f89393e4240064bcf82b96bd357a87e2affb28d8147f72929c0480ec14ffafbe324b5effdf1d87c6ed7d7a8ca24df12727c94900c868f1d7aa971fce7930e5f17a3dc6ca98147f72929c0480cc147ffb2d73f592e9e6efafdc9ab2f0fba1e7e8b97c33a5f89393e42400b458f1dfd93750be9952fcc949721200325efc1bf30db4a16fa614718a3f39494e0240b38b7f530bbf1f14718a3f39494e0240b38b3f41f1272709721200c59fe24f4e920be424008a3f41f1272709721200c59fe24f4e920be424008a3f41f1272709721200c59fe24f4e920be424008a3f41f1272709721200c59fe24f4e920be424008a3f41f1272709721205c718b3d7c2850bab9e78e289d7eebaebae2f7af7eebdbdbcbcdcf4e8d1c39494947c7bcd35d76cbbedb6db960e1f3e7c8c8d7f678b51fc29fee424414e022dda883cfbecb3a3870c19b2bd4f9f3ee6d1471f35f3e6cd3335353566ebd6ad46f4b3b6b6d6fcf5af7f35b6613137de78e3b737dd74d327959595bdd882147f8a3f3949909340b3d8c6a362e8d0a15ff5efdfdf6b36befefa6bd3586fbffdb6193060c0d75555558b2391c8b16c4d8a3fc59f9c24c84920dd5191d62fbcf0c2f45ffce21766c28409693522895e79e515535151b185d1128a3fc59f9c24c84920ad6664c68c196fde70c30de6c30f3f342de1934f3e31b6b9d9d2ab57afebd8c2147f8a3f39499093c04e696444cd88e684b424fdbdcacaca4daeeb96b095ffc56e8fa936cea6f853fcc949829c04e234674487695a6a6424d948495959d9065bec3ab1b5ff49672929b413701ce74c8a3fc59f9c24c84914faa19abd060f1ebc4d73463269e2c4895b62b1d85cb678fde21f8849c9be9d52fc29fee42441438282f0fcf3cf3fa9b369fef18f7f984cbbf6da6bd770e82665f1affb761adc0950fc29fee42441438282181dd13a233ab5371bde79e79d6d8c92345cfc83df4e356c9e2bc57fcb962de6cb2fbf4cfad8a64d9b427f0f14fffccf497dfe99fe37d6ae5d9bf231adbb94ad5c27275170b402ab26b236e7f4de74555454acb185adc32e588c4389308aff6f7ef31b3374e850eff6430f3d64468e1c69ba75eb664e38e104efb642f38df4b86d32cdc1071f6c7efdeb5f9bae5dbb7af1e0830f7acff77ffff4d34f77f83734d979f7dd77f7e61735f73d643372354ff23d27d7ac59630e39e410f3f1c71f9b2953a6984824522fc68e1deb3deff5d75f37f7df7f7fbdf0f330189f7df699b7c8e3b871e3ea4223c5fbefbfbff9cb5ffe52ef7ebf4979f9e597cd71c71de7dd3ef6d863bdeda02649dfed3efae8231a12a039b41cfc638f3d66b2c9ee48deb645ede65c6c4872a4019a6fbf855ed6a54b97d6610d8fbff1c61be6bbdffdaeb9fbeebbbd46a35fbf7ee6bcf3ce331d3b76f46edf7cf3cd66d1a245de73afbffe7a73da69a799582c662ebffc72535c5c6caaaaaabc957b955b2ad6cb962df39efbd24b2f794d86e257bffa95f7d82db7dc52779f1e6fca7ba0f8e77f4ede73cf3de6c73ffeb1777bc1820566c488115e280f5ab56a659e7aea29efb13ffff9cfe6acb3ce326ddab4313ffde94fcdd5575fed3520cab3c30f3fdc3cf9e4935edea949d67f879e77fef9e7a78c3df6d8c3cc9933c7ac5fbfdefce10f7f301d3a74f09ae8a38e3aca4c9e3c9986046829ba368d9683cf26fb0de6135be026d090345cf47d610d8f6bf461f5ead5e6befbee33c71c738c69d7ae9dd97befbdbddba79f7ebaf79ccf3fffdcb46ddbd6dc7aebad5e43d2ab572f6f07a08644ef5b053bd8905456569a934e3ac97b5e595999f758341af57ed7fd7a3cddf740f12f8c9cecd4a993a9aeae36d75d779dd720e83e3515c71f7fbcb9e0820bea3d5713f48f3cf248ef76efdebdcdf7bfff7d6f14e5a0830ef21a13bf21993973a639fbecb3eb5ef7c5175f78231fab56adaabbef9c73ce317ffbdbdfcca851a3bc113dbdf6d4534fdda12199346992d65c6af0900f3909344017ca53c1cfa6356bd6d4da42b79286a4aee8cf755df78ac4a21f56f11f326488b7b3ffe10f7fe87d13bdf2ca2bbd38e59453cc61871d56f7bb463f54a4558cf51a35241ad138f1c413bdc32d2ada7a8dc22ff06a3854b457ae5c69de7df75defb56fbef9a6f7bbeef71b9274de03c53fff735279b6df7efbe9629edee1411d6a79e49147bca643f9a646e3e9a79fae9bcf3466cc186f34444d871a921ffde847a6b4b4d47bede0c183eb1a123d5f4dc5befbee5b177a6c9f7df6a9fb5d237dfefb081eb25143a2bfa7bfafd7e8b9ca61bff926278134e9aabdfe85f2b245ff9e2d785b6948927ffb0cbbf8ab4178e08107cc9e7beee98d4ee818bce619054323220b172e343ffff9cfbd63ee7e43a28b30befffefb66eedcb97543ea8aa54b97d635247bedb59739f0c003bd91151572fdd4efbadf6f48d2790f14fffccf498d64e8109f9a92871f7ed86b9a74e84e733df4f833cf3ce33df6dc73cf79734994570adda786e1a28b2ef27e1e7ae8a1e677bffb5dbd86444dc6d1471fed1d8659bc78b1f798468df5fb99679e59afe9d5733582a243856a4874184939a8d784918b3424c8bb6f4461c8d5c97ab9f81985313cfede7bef79cd806e6b47a06f85fe363af7dc73bd89a5fe21154d34f51b12bd460d8a2607b66edddafb56aa6f9bb367cfae6b48faf6ed5b37a95585dc9fd4aafb83876c1afb1e28fe8591931ad9b08d92d7ac6a52ebbdf7deeb4d9ef643a3727ade575f7d65c68f1f6fdab76f6f366fde6cfef8c73f7a39a3432fca4d3f873427c46f32340745cd4b708444bfeb108ddf9068b2ace648e971dbb431870468693d7bf6fc36db2324f67fe035b9384242f1dfb121516ea819d0d0b47ff845df4c83cd40b021d14ec3bfff273ff98977bfbe7d6a27e137241a66d78e45c3e82ae49a80a8df757fb286a431ef81e29fdf39a97f4f934b0f38e00073f2c9277b87672ebdf45273c6196778236bbaadc339897348d424bcfaeaabde211c35bc3adca7db0a8dbcf90d89e62469c4442379ca491d26d4efca4dbf21d1fc153524ca3dff900d0d09d0826eb8e1866dd99e4362ff47ff2017e79050fceb3724da01a8d0df76db6de6073ff88119366c98179ab49aaa21d16b34e954673ae88c84dd76dbadeed45d858eb1eb2c1c9de9e00f9debdbad7e775dd73b63a229ef81e29fdf39a979197ffad39fccf2e5cbbd66c39f93a4b3b28e38e2887acfd5e142e5a2724fcdc3c08103bd49af6a6435f2a1db0acd61f21b12ff104fb2483c64139c4392d890fcf297bff44e1326278126b8fdf6db9764fb2c1bfb3ff1cbb978960dc5ff5f3171e244afc8ea6c19cdd5083603fa269aaa215143a19d878ea7ebb08afe861a0aad21916c1d92e0219be6bc078a7f7ee7a4462c347aa6b3ac34595a8761345764c08001de8456dd567cf0c107de4fcd31d27bdcb06183f753a1d13b8d9af8bffba78c6b1d1d35bc5a70cfcfc9254b9678bfebec2eff8c1e8dd4a9d15643b262c50aeff04ef7eeddcd9d77dee9bd4623311af51b3d7a34390934c58811231ecbf63a24f61bcbc45c5c8784e2ffaf50b1d6c263fefc8d6baeb9c6bbfde28b2f7ac7d62b2a2a1a3c64a35329759c5d7f470d89fe46ba0d493aef81e29fdf39a91a75d34d37798d897ed767dfb973e71d2271744267e368942459d82f633bfc3b6a6052e5a426ce6aae8946e734c956eb91680d1e352c175e78a1f7baef7def7bde280e390934812df41dedff54df6471a5d6add168f4e35c5ca995e29f3c7448cf1f22d7f074e268878ebbabf0ab10fbc7e5d7ad5b57f7b8e68f687d87c4bfabfbf577f5cdb3b9ef81e25f583999a9504e6ad26cb2cb13ec2cef94e3fe5c29721268a2be7dfb7e94ad6bd94c9e3c798c6d4666b1d529fe5cc88c9c24c849a09e9ffdec67917efdfa6dcfc228c9866834ba80abfd52fc29fee424414e02495555552dd4ecf54cd27c158d8eec6cd12550fc29fee424414ea240694e474545c5162d7495090b172e7cc1fe1bab5dd7edc4d6a6f853fcc949829c04522a2929895555556dd6d90f2d69d5aa55b3a3d1e8720ed550fc29fee424414e028d128bc52a2a2b2b37b5d448894646d48c388e3380ad4bf1a7f89393043909349a6d1e7a9494947c317efcf82f9b31d175c33df7dcf3b80ed3d82867ab52fc29fee424414e0269d39c9268343aadaaaa6acd82050bb6a4b3cec8942953c6da8666be26b0326784e24ff127270972126889c6e42a3526e5e5e5b577dd75d7a2d9b3672fafa9a959ed5f904f17cad3b569aaabab5f1a3468d0a4582cb6548d884645389b86e24ff127270972126851b6d168efba6e1fdb688cb3b14c57eb8d5fc65b3f57eada345a0e9e155829fe147f729220270150fc098a3f39494e0200c59fe24f4e12e424008a3f41f12727c94900a0f853fcc949829c0440f12728fee424390900147f8a3f394990930028fe04c59f9c24270180e24ff1272709721200c59fa0f89393e4240050fc29fee424414e02a0f813147f72929c04008a3fc59f9c24c84900147f82e24f4e92930040f1cff7983469120d093949430280e24f84171b376e34a5a5a5a6478f1e1f398ef3bcfd39c475dd2b6c74b2d18e9c2468480050fc89acc4a851a3d4907c6bc32489d53626d978dc36287dc84982860440de98366d1a45377762ab2dfedb6db3f1448a862418e5e42491ad9ca45202c8b8993367aeaeadada5f0e640d4d4d43c658bff621da2b10dc7d6069a91b95dba74694d4e12d9ca492a25808c9b3e7dfae53366ccf87ceddab55b28c0e17d0b55e1afaeae5e6ee32a7d2eb6291996a219d9a486859c24b29d93009071b6e05c66bf05cdd7d0ac8e1713590f6df7c5c1c25f5e5eded6361feb121b12db8cbc545959b9073999fba1cf2b9f72120050a06cf3d12ba11999627fbe64e3ad7c1f25c907faccd80a00805d9ee689d89ddab27843b22e12891c1adfd155daa8b5711d5b89860400806cecd4aed28ecd719c1ec1fba3d1e871f6fe793a0db8a4a4e430b6140d09000099deb10d4a76564d7c0465a08d35aeeb5ec996a22101002034d168f40cbbf3fb500ba6151717efc716a12101002014a5a5a5fb388ef35bbb135ceabaeed96c111a120000c2dc09feb78d4fb58e49219c1e4c430200408e8a442207db9de1781b0becedff648bd0900000109af83a263a3db8b7fdb5155b848604008050388ed3d1ee185fb7a145d50e678bd0900000108a4824b2bbdd39deaed3836d8312618bd090000010e60eb2b3ebbaefdb9fa363b1d8fe6c111a12000042d1b56bd7bd1dc779584bd277efdefd1cb6080d090000a1b14dc925768759637f0e8f4422df618bd0900000100ad775dbd99de67336deb6b78f678bd0900000101ac771aed6e9c1b629e953c4e9c134240000842512891c6d77a0b36d54c762b1f66c111a120000c26a4a747af0ad36d6da70d8223424000084c6719cffb23bd3c5aeeb8eb14dca016c111a12000042611b91367687faa08de536bab04568480000084d341abdc8ee5857398ef33f975c72c99e6c111a1200004251565676906d489eb13bd87762b1d8896c111a12000042e3ba6ecff8e9c1fd8a383d98860400801077b21d6cccb44dc974fbf348b6080d090000a1183468d06e8ee30c889f1e1c658bd090000010e60ef754d77517d9185b5e5ede962d4243020040286c23b2976d48eeb33bdf1536ce678bd0900000101adb945c6877c02b6ddccbe9c13424000084261289fc9bdd093f6de3ef8ee39c4c434243020040685cd72dd1e9c1b629e9af09b03424000020149148e428bb439ea1d06d1a120000108af8e9c1fde38ba995d090000080d0683e89e695687e89e699d09000008050e8cc1b9d81a3337174460e0d090000088d6d46ce8baf5972bfd630a121010000a1d0aaae5add55abbc6ab5571a12000010e60e3baaebe1e8ba38f9787a300d090000bbce4efbc8f8958367ea4ac234240000202cad6c53d22f7e7a704f1a120000109a582c76a2dd89bfe338ce3365656507d19000008050c44f0f1e616355341abd888604000084b933ef62e3131b0f46229136342400002014b61139c075dd3176c7be381a8d9e4643020000c2dcb13b3a3dd8c6adb649d99d860400008422168bb5b73bf86a1bb36d5372740e361f13d480ec24e6f3490200b0ebd3e9c17d747ab0e33857e75843d2d9c6f6861a12fb9e2fe3230400204fd8a6e478bb837fdbc673f676bb1c6a4a2635d090ccedd2a54b6b3e3d0000f2482412f98ee338c3ed8ebec6febc24471a92cea91a12db385dc1a70600409eeadebdfb397687bfccc6235dbb76dd3b079a92647349e6333a0200409e8bc562fbdb9dfe68d775dfd72845c80dc90e7349983b02004001b13bfe886d00d6d8b83dccd383edfb789ed11100000a986d000eb731d9c6ebb631e8185243726660eec8c57c2a000014a656b619e81dbf7a70af901a236f2e09a32300001438c771fec336050b6cbc1089440ece7243d2b95bb76eacd40a00008a8a2a2b2bf7b0cdc19d363ecdf2e4521daa31f19f000000de626a67dba664a96d4a7e5b5a5aba4f86ffb90b6c6cb03132fe93b36c0000c03f151717ef679b92c76d7c188d46cfc87033e237211a21594753020000ea711ca75bfcf4e0812d3ce934b119d9d9fd0000a0909594941c16bff6ccbc68347a5c0bfcc98b77d274f88f33a7040000d4671b92eb747ab08dca16684676d66c30528216178bc5da3b8e73bdcde1713696d8d8145f0767ab2eab105fa8ef663d8fad050039cc75dd4eb660bfa5b5434a4b4b0f49f3e51714a537f291eef38154797b858da936b6357095e9c478d53ebf84ad0700394aa707db423d54a707db284eb3b94877c443afdb445382a6b0f9d9c1e6ea2b693421c9625624123996ad0900b95beccfb2f1b1e338a376727a70730fbf70f80669b379d9231a8dfe5fb0b988c56266d8b06166faf4e966c58a1566e3c68d46366fde6c6a6a6acc9c3973ccc891238dcde7c4a66413a3250090c3ec37c77d6db1febd8ec7ebba34499eb2b309ac8dd5527f0785d18c5c661b88af838dc89831634c6d6dad698c0d1b3678cfd7eb828d49589757000034928ed1db82bddac6e0c0e9c12d7db60c2325684c33d223d88cf4eddbd71b0d690abdae7ffffe894d0923250090cb2291c8a1766730d116ed373b76ec589ed08cb4b2d133fe331d89af63a22b52d29c91e0619a810307d61d96692a1dceb9e38e3b120fdf74626b03408e3bf7dc73ef2f2e2efea64d9b3657069a8adf17fdf37a35bf4fa32949f53a9a1224659b91eae0c848739b916053923052328bad0d00b9cd6b1602cd48517c84c304a2314d49b019f1a32cf038734a504ffcb061dd9c91a61ea669e8f04d704e09876e002077a56a129235170d3525c99eff5892e733a704c18664aadf2c68426a268c1d3b96511200d8459a918bd368329235258d6d46129b120edfe471a3a12b5037f41cadacea4f64d528c6faf5eb33d290e8ec9b8453823bf0090140ee686c53b0b3a624dd6624f8ef7395e03c1538443235c5a9e545f1e5e0bde7dd7df7dd2693b44e49a021b9994f080072ab19696c3390aa29d9ad89cd48e2080d4d499e3624819894386212bf368df7f88c193332da9068f1b4c07b99c0270400bb5e33d25053f241339a91e6be1fec5a0d49dd8889df98c42f94e7dddfd29359136945d7c0fb58c9270400e16aee8844b2a6a439cd486253c29c923c6f4882232636b6f8bfb7d4a9be0d9d021cf8b7b7f209014078dac61b8791cdfc3bbb251919f9207e7f738c6ce6c5d4885d38b221f8ef510e00203746489a3a12d1d008493a8ba7314252b82324f375cd1a5daa40aba732420200854b3bff4d45999943d294a684392485d190d4352281e730870400684ad21a9148756a6fb2b36cd2694a38cb26ff1b92b95a8d35d888049ec359360080468f4cec6c9d91745774f5752e621d927c6e4876181149c43a240080c68e503476d1b3749b12ffb0d1157c04854b2bb5dae6607b36566a2d2929f996955a0160d71c29497705d6c63625febf473302ae650300d861a424f1f049cfa2f4d719e16abf48b721c9f8d57ea3d1e8b75ced170076ada62438d135d85ca4b3e859aad7716a2f92b28dc2ab7ec3d0b76fdf163b0558a7faf6ebd7efebe0e84843735a0000b923f1f04dabf80847baa7f226beaeb9eb9f20bf1b920e36d6f98dc3c081039bdd94a819b9e38e3b82f34636b9aedb89ad0d00bb6e53d25cc90e0701f5388ed3c39fe0ea8f9434f5f08d5e973032c2a11a0028f0a68445cfd068b671280f36259a53a289ae3a4ba6b167d368026b70ce88c2363b03d8ba00b0eb6aee61160ed3206d1a29b1b121d850a831d13a255a3c4da31ffee11c1d96d10aac5af4ec81071e303d7bf6fc266175582d4d5fce560580fc694ad21de160022b9a4c734a82a70337316631670400f24bba875d384c83966a4cae8a3726dbd36944342ac2d9340050d84d899683670556b428ade86a1b933ef16bdf2cd3d57afdabf6ea4279ba368d968367055600280c17c79b8d8b1b787c1dcd080000c8b45423251ca6010000a136253423000020d4a66424cd0800000893e68c98224eed050000216bcb260000000000000000000000000000000000000000000000000000e4a3ff07d4428780e5b13aa60000000049454e44ae426082, '1');
COMMIT;

-- ----------------------------
--  Table structure for `ACT_GE_PROPERTY`
-- ----------------------------
DROP TABLE IF EXISTS `ACT_GE_PROPERTY`;
CREATE TABLE `ACT_GE_PROPERTY` (
  `NAME_` varchar(64) COLLATE utf8_bin NOT NULL,
  `VALUE_` varchar(300) COLLATE utf8_bin DEFAULT NULL,
  `REV_` int(11) DEFAULT NULL,
  PRIMARY KEY (`NAME_`)
) ENGINE=InnoDB DEFAULT CHARSET=utf8 COLLATE=utf8_bin;

-- ----------------------------
--  Records of `ACT_GE_PROPERTY`
-- ----------------------------
BEGIN;
INSERT INTO `ACT_GE_PROPERTY` VALUES ('next.dbid', '55001', '23'), ('schema.history', 'create(5.22.0.0)', '1'), ('schema.version', '5.22.0.0', '1');
COMMIT;

-- ----------------------------
--  Table structure for `ACT_HI_ACTINST`
-- ----------------------------
DROP TABLE IF EXISTS `ACT_HI_ACTINST`;
CREATE TABLE `ACT_HI_ACTINST` (
  `ID_` varchar(64) COLLATE utf8_bin NOT NULL,
  `PROC_DEF_ID_` varchar(64) COLLATE utf8_bin NOT NULL,
  `PROC_INST_ID_` varchar(64) COLLATE utf8_bin NOT NULL,
  `EXECUTION_ID_` varchar(64) COLLATE utf8_bin NOT NULL,
  `ACT_ID_` varchar(255) COLLATE utf8_bin NOT NULL,
  `TASK_ID_` varchar(64) COLLATE utf8_bin DEFAULT NULL,
  `CALL_PROC_INST_ID_` varchar(64) COLLATE utf8_bin DEFAULT NULL,
  `ACT_NAME_` varchar(255) COLLATE utf8_bin DEFAULT NULL,
  `ACT_TYPE_` varchar(255) COLLATE utf8_bin NOT NULL,
  `ASSIGNEE_` varchar(255) COLLATE utf8_bin DEFAULT NULL,
  `START_TIME_` datetime(3) NOT NULL,
  `END_TIME_` datetime(3) DEFAULT NULL,
  `DURATION_` bigint(20) DEFAULT NULL,
  `TENANT_ID_` varchar(255) COLLATE utf8_bin DEFAULT '',
  PRIMARY KEY (`ID_`),
  KEY `ACT_IDX_HI_ACT_INST_START` (`START_TIME_`),
  KEY `ACT_IDX_HI_ACT_INST_END` (`END_TIME_`),
  KEY `ACT_IDX_HI_ACT_INST_PROCINST` (`PROC_INST_ID_`,`ACT_ID_`),
  KEY `ACT_IDX_HI_ACT_INST_EXEC` (`EXECUTION_ID_`,`ACT_ID_`)
) ENGINE=InnoDB DEFAULT CHARSET=utf8 COLLATE=utf8_bin;

-- ----------------------------
--  Records of `ACT_HI_ACTINST`
-- ----------------------------
BEGIN;
INSERT INTO `ACT_HI_ACTINST` VALUES ('10002', 'process:3:5004', '10001', '10001', 'start', null, null, null, 'startEvent', null, '2018-04-05 16:59:46.969', '2018-04-05 16:59:46.987', '18', ''), ('10005', 'process:3:5004', '10001', '10001', 'apply', '10006', null, '请假申请', 'userTask', 'tenant', '2018-04-05 16:59:46.987', '2018-04-05 16:59:47.125', '138', ''), ('10008', 'process:3:5004', '10001', '10001', 'approve', '10009', null, '经理审批', 'userTask', null, '2018-04-05 16:59:47.125', '2018-04-05 17:26:08.370', '1581245', ''), ('12503', 'process:3:5004', '10001', '10001', 'condition', null, null, null, 'exclusiveGateway', null, '2018-04-05 17:26:08.370', '2018-04-05 17:26:08.381', '11', ''), ('12504', 'process:3:5004', '10001', '10001', 'stop', null, null, null, 'endEvent', null, '2018-04-05 17:26:08.381', '2018-04-05 17:26:08.381', '0', ''), ('12510', 'process:4:12508', '12509', '12509', 'start', null, null, null, 'startEvent', null, '2018-04-05 17:37:31.807', '2018-04-05 17:37:31.810', '3', ''), ('12513', 'process:4:12508', '12509', '12509', 'apply', '12514', null, '请假申请', 'userTask', 'tenant', '2018-04-05 17:37:31.811', null, null, ''), ('12523', 'process:5:12521', '12522', '12522', 'start', null, null, null, 'startEvent', null, '2018-04-05 17:38:22.806', '2018-04-05 17:38:22.808', '2', ''), ('12526', 'process:5:12521', '12522', '12522', 'apply', '12527', null, '请假申请', 'userTask', 'tenant', '2018-04-05 17:38:22.808', '2018-04-05 17:38:22.865', '57', ''), ('12529', 'process:5:12521', '12522', '12522', 'approve', '12530', null, '经理审批', 'userTask', null, '2018-04-05 17:38:22.866', null, null, ''), ('15002', 'process:5:12521', '15001', '15001', 'start', null, null, null, 'startEvent', null, '2018-04-05 18:17:43.904', '2018-04-05 18:17:43.926', '22', ''), ('15005', 'process:5:12521', '15001', '15001', 'apply', '15006', null, '请假申请', 'userTask', 'tenant', '2018-04-05 18:17:43.927', '2018-04-05 18:17:44.079', '152', ''), ('15008', 'process:5:12521', '15001', '15001', 'approve', '15009', null, '经理审批', 'userTask', null, '2018-04-05 18:17:44.079', '2018-04-05 18:18:02.844', '18765', ''), ('15012', 'process:5:12521', '15001', '15001', 'condition', null, null, null, 'exclusiveGateway', null, '2018-04-05 18:18:02.844', '2018-04-05 18:18:02.862', '18', ''), ('15013', 'process:5:12521', '15001', '15001', 'stop', null, null, null, 'endEvent', null, '2018-04-05 18:18:02.862', '2018-04-05 18:18:02.862', '0', ''), ('17502', 'process:5:12521', '17501', '17501', 'start', null, null, null, 'startEvent', null, '2018-04-05 18:26:38.621', '2018-04-05 18:26:38.638', '17', ''), ('17505', 'process:5:12521', '17501', '17501', 'apply', '17506', null, '请假申请', 'userTask', 'tenant', '2018-04-05 18:26:38.638', '2018-04-05 18:26:38.814', '176', ''), ('17508', 'process:5:12521', '17501', '17501', 'approve', '17509', null, '经理审批', 'userTask', 'wxiaoqi', '2018-04-05 18:26:38.814', '2018-04-05 18:26:46.532', '7718', ''), ('17513', 'process:5:12521', '17501', '17501', 'condition', null, null, null, 'exclusiveGateway', null, '2018-04-05 18:26:46.532', '2018-04-05 18:26:46.540', '8', ''), ('17514', 'process:5:12521', '17501', '17501', 'stop', null, null, null, 'endEvent', null, '2018-04-05 18:26:46.541', '2018-04-05 18:26:46.541', '0', ''), ('20002', 'process:5:12521', '20001', '20001', 'start', null, null, null, 'startEvent', null, '2018-04-05 18:58:56.962', '2018-04-05 18:58:56.975', '13', ''), ('20005', 'process:5:12521', '20001', '20001', 'apply', '20006', null, '请假申请', 'userTask', 'tenant', '2018-04-05 18:58:56.976', '2018-04-05 18:58:57.070', '94', ''), ('20008', 'process:5:12521', '20001', '20001', 'approve', '20009', null, '经理审批', 'userTask', null, '2018-04-05 18:58:57.070', null, null, ''), ('22502', 'process:5:12521', '22501', '22501', 'start', null, null, null, 'startEvent', null, '2018-04-05 19:06:11.328', '2018-04-05 19:06:11.350', '22', ''), ('22505', 'process:5:12521', '22501', '22501', 'apply', '22506', null, '请假申请', 'userTask', 'tenant', '2018-04-05 19:06:11.350', '2018-04-05 19:06:11.467', '117', ''), ('22508', 'process:5:12521', '22501', '22501', 'approve', '22509', null, '经理审批', 'userTask', null, '2018-04-05 19:06:11.467', null, null, ''), ('22512', 'process:5:12521', '22511', '22511', 'start', null, null, null, 'startEvent', null, '2018-04-05 19:06:30.848', '2018-04-05 19:06:30.852', '4', ''), ('22515', 'process:5:12521', '22511', '22511', 'apply', '22516', null, '请假申请', 'userTask', 'tenant', '2018-04-05 19:06:30.852', '2018-04-05 19:06:30.998', '146', ''), ('22518', 'process:5:12521', '22511', '22511', 'approve', '22519', null, '经理审批', 'userTask', null, '2018-04-05 19:06:30.998', null, null, ''), ('25002', 'process:5:12521', '25001', '25001', 'start', null, null, null, 'startEvent', null, '2018-04-05 19:10:09.747', '2018-04-05 19:10:09.764', '17', ''), ('25005', 'process:5:12521', '25001', '25001', 'apply', '25006', null, '请假申请', 'userTask', 'tenant', '2018-04-05 19:10:09.764', '2018-04-05 19:10:09.862', '98', ''), ('25008', 'process:5:12521', '25001', '25001', 'approve', '25009', null, '经理审批', 'userTask', null, '2018-04-05 19:10:09.862', null, null, ''), ('25012', 'process:5:12521', '25011', '25011', 'start', null, null, null, 'startEvent', null, '2018-04-05 19:10:12.067', '2018-04-05 19:10:12.070', '3', ''), ('25015', 'process:5:12521', '25011', '25011', 'apply', '25016', null, '请假申请', 'userTask', 'tenant', '2018-04-05 19:10:12.070', '2018-04-05 19:10:12.195', '125', ''), ('25018', 'process:5:12521', '25011', '25011', 'approve', '25019', null, '经理审批', 'userTask', null, '2018-04-05 19:10:12.196', null, null, ''), ('25022', 'process:5:12521', '25021', '25021', 'start', null, null, null, 'startEvent', null, '2018-04-05 19:10:14.260', '2018-04-05 19:10:14.263', '3', ''), ('25025', 'process:5:12521', '25021', '25021', 'apply', '25026', null, '请假申请', 'userTask', 'tenant', '2018-04-05 19:10:14.263', '2018-04-05 19:10:14.318', '55', ''), ('25028', 'process:5:12521', '25021', '25021', 'approve', '25029', null, '经理审批', 'userTask', null, '2018-04-05 19:10:14.318', null, null, ''), ('25032', 'process:5:12521', '25031', '25031', 'start', null, null, null, 'startEvent', null, '2018-04-05 19:10:15.393', '2018-04-05 19:10:15.395', '2', ''), ('25035', 'process:5:12521', '25031', '25031', 'apply', '25036', null, '请假申请', 'userTask', 'tenant', '2018-04-05 19:10:15.395', '2018-04-05 19:10:15.451', '56', ''), ('25038', 'process:5:12521', '25031', '25031', 'approve', '25039', null, '经理审批', 'userTask', null, '2018-04-05 19:10:15.451', null, null, ''), ('25042', 'process:5:12521', '25041', '25041', 'start', null, null, null, 'startEvent', null, '2018-04-05 19:10:16.181', '2018-04-05 19:10:16.183', '2', ''), ('25045', 'process:5:12521', '25041', '25041', 'apply', '25046', null, '请假申请', 'userTask', 'tenant', '2018-04-05 19:10:16.184', '2018-04-05 19:10:16.251', '67', ''), ('25048', 'process:5:12521', '25041', '25041', 'approve', '25049', null, '经理审批', 'userTask', 'wxiaoqi', '2018-04-05 19:10:16.252', '2018-04-05 19:29:05.448', '1129196', ''), ('27503', 'process:5:12521', '25041', '25041', 'condition', null, null, null, 'exclusiveGateway', null, '2018-04-05 19:29:05.449', '2018-04-05 19:29:05.461', '12', ''), ('27504', 'process:5:12521', '25041', '25041', 'stop', null, null, null, 'endEvent', null, '2018-04-05 19:29:05.461', '2018-04-05 19:29:05.461', '0', ''), ('32502', 'process:6:30004', '32501', '32501', 'start', null, null, null, 'startEvent', null, '2018-04-06 18:09:44.759', '2018-04-06 18:09:44.783', '24', ''), ('32507', 'process:6:30004', '32501', '32501', 'apply', '32508', null, '请假申请', 'userTask', 'tenant', '2018-04-06 18:09:44.784', '2018-04-06 18:09:45.004', '220', ''), ('32510', 'process:6:30004', '32501', '32501', 'approve', '32511', null, '经理审批', 'userTask', null, '2018-04-06 18:09:45.004', null, null, ''), ('35002', 'process:6:30004', '35001', '35001', 'start', null, null, null, 'startEvent', null, '2018-04-06 18:23:19.409', '2018-04-06 18:23:19.430', '21', ''), ('35007', 'process:6:30004', '35001', '35001', 'apply', '35008', null, '请假申请', 'userTask', 'tenant', '2018-04-06 18:23:19.430', '2018-04-06 18:23:19.617', '187', ''), ('35010', 'process:6:30004', '35001', '35001', 'approve', '35011', null, '经理审批', 'userTask', null, '2018-04-06 18:23:19.617', null, null, ''), ('37502', 'process:6:30004', '37501', '37501', 'start', null, null, null, 'startEvent', null, '2018-04-06 18:28:54.575', '2018-04-06 18:28:54.587', '12', ''), ('37507', 'process:6:30004', '37501', '37501', 'apply', '37508', null, '请假申请', 'userTask', 'tenant', '2018-04-06 18:28:54.590', '2018-04-06 18:28:54.878', '288', ''), ('37510', 'process:6:30004', '37501', '37501', 'approve', '37511', null, '经理审批', 'userTask', null, '2018-04-06 18:28:54.878', null, null, ''), ('40003', 'process:7:37516', '40001', '40001', 'start', null, null, null, 'startEvent', null, '2018-04-06 18:36:42.398', '2018-04-06 18:36:42.415', '17', ''), ('40008', 'process:7:37516', '40001', '40001', 'apply', '40009', null, '请假申请', 'userTask', 'tenant', '2018-04-06 18:36:42.415', '2018-04-06 18:36:42.615', '200', ''), ('40010', 'process:7:37516', '40001', '40001', 'approve', '40011', null, '经理审批', 'userTask', null, '2018-04-06 18:36:42.615', null, null, ''), ('42503', 'process:7:37516', '42501', '42501', 'start', null, null, null, 'startEvent', null, '2018-04-06 18:38:34.266', '2018-04-06 18:38:34.286', '20', ''), ('42508', 'process:7:37516', '42501', '42501', 'apply', '42509', null, '请假申请', 'userTask', 'tenant', '2018-04-06 18:38:34.287', '2018-04-06 18:38:34.459', '172', ''), ('42510', 'process:7:37516', '42501', '42501', 'approve', '42511', null, '经理审批', 'userTask', null, '2018-04-06 18:38:34.459', null, null, ''), ('42519', 'process:8:42516', '42517', '42517', 'start', null, null, null, 'startEvent', null, '2018-04-06 19:17:36.284', '2018-04-06 19:17:36.287', '3', ''), ('42524', 'process:8:42516', '42517', '42517', 'apply', '42525', null, '请假申请', 'userTask', 'tenant', '2018-04-06 19:17:36.287', '2018-04-06 19:17:36.480', '193', ''), ('42526', 'process:8:42516', '42517', '42517', 'approve', '42527', null, '经理审批', 'userTask', null, '2018-04-06 19:17:36.480', null, null, ''), ('45003', 'process:8:42516', '45001', '45001', 'start', null, null, null, 'startEvent', null, '2018-04-06 19:19:34.416', '2018-04-06 19:19:34.427', '11', ''), ('45008', 'process:8:42516', '45001', '45001', 'apply', '45009', null, '请假申请', 'userTask', 'tenant', '2018-04-06 19:19:34.428', '2018-04-06 19:19:34.667', '239', ''), ('45010', 'process:8:42516', '45001', '45001', 'approve', '45011', null, '经理审批', 'userTask', null, '2018-04-06 19:19:34.667', null, null, ''), ('47503', 'process:8:42516', '47501', '47501', 'start', null, null, null, 'startEvent', null, '2018-04-06 19:21:15.799', '2018-04-06 19:21:15.812', '13', ''), ('47508', 'process:8:42516', '47501', '47501', 'apply', '47509', null, '请假申请', 'userTask', 'tenant', '2018-04-06 19:21:15.812', '2018-04-06 19:21:15.978', '166', ''), ('47510', 'process:8:42516', '47501', '47501', 'approve', '47511', null, '经理审批', 'userTask', null, '2018-04-06 19:21:15.978', null, null, ''), ('50003', 'process:8:42516', '50001', '50001', 'start', null, null, null, 'startEvent', null, '2018-04-06 19:24:11.604', '2018-04-06 19:24:11.619', '15', ''), ('50008', 'process:8:42516', '50001', '50001', 'apply', '50009', null, '请假申请', 'userTask', 'tenant', '2018-04-06 19:24:11.619', '2018-04-06 19:24:11.806', '187', ''), ('50010', 'process:8:42516', '50001', '50001', 'approve', '50011', null, '经理审批', 'userTask', null, '2018-04-06 19:24:11.807', null, null, ''), ('52503', 'process:8:42516', '52501', '52501', 'start', null, null, null, 'startEvent', null, '2018-04-06 19:32:45.158', '2018-04-06 19:32:45.178', '20', ''), ('52508', 'process:8:42516', '52501', '52501', 'apply', '52509', null, '请假申请', 'userTask', 'tenant', '2018-04-06 19:32:45.178', '2018-04-06 19:32:45.356', '178', ''), ('52510', 'process:8:42516', '52501', '52501', 'approve', '52511', null, '经理审批', 'userTask', null, '2018-04-06 19:32:45.356', null, null, ''), ('7502', 'process:3:5004', '7501', '7501', 'start', null, null, null, 'startEvent', null, '2018-04-05 16:53:05.790', '2018-04-05 16:53:05.812', '22', ''), ('7505', 'process:3:5004', '7501', '7501', 'apply', '7506', null, '请假申请', 'userTask', null, '2018-04-05 16:53:05.813', '2018-04-05 16:53:06.059', '246', ''), ('7507', 'process:3:5004', '7501', '7501', 'approve', '7508', null, '经理审批', 'userTask', null, '2018-04-05 16:53:06.059', null, null, '');
COMMIT;

-- ----------------------------
--  Table structure for `ACT_HI_ATTACHMENT`
-- ----------------------------
DROP TABLE IF EXISTS `ACT_HI_ATTACHMENT`;
CREATE TABLE `ACT_HI_ATTACHMENT` (
  `ID_` varchar(64) COLLATE utf8_bin NOT NULL,
  `REV_` int(11) DEFAULT NULL,
  `USER_ID_` varchar(255) COLLATE utf8_bin DEFAULT NULL,
  `NAME_` varchar(255) COLLATE utf8_bin DEFAULT NULL,
  `DESCRIPTION_` varchar(4000) COLLATE utf8_bin DEFAULT NULL,
  `TYPE_` varchar(255) COLLATE utf8_bin DEFAULT NULL,
  `TASK_ID_` varchar(64) COLLATE utf8_bin DEFAULT NULL,
  `PROC_INST_ID_` varchar(64) COLLATE utf8_bin DEFAULT NULL,
  `URL_` varchar(4000) COLLATE utf8_bin DEFAULT NULL,
  `CONTENT_ID_` varchar(64) COLLATE utf8_bin DEFAULT NULL,
  `TIME_` datetime(3) DEFAULT NULL,
  PRIMARY KEY (`ID_`)
) ENGINE=InnoDB DEFAULT CHARSET=utf8 COLLATE=utf8_bin;

-- ----------------------------
--  Table structure for `ACT_HI_COMMENT`
-- ----------------------------
DROP TABLE IF EXISTS `ACT_HI_COMMENT`;
CREATE TABLE `ACT_HI_COMMENT` (
  `ID_` varchar(64) COLLATE utf8_bin NOT NULL,
  `TYPE_` varchar(255) COLLATE utf8_bin DEFAULT NULL,
  `TIME_` datetime(3) NOT NULL,
  `USER_ID_` varchar(255) COLLATE utf8_bin DEFAULT NULL,
  `TASK_ID_` varchar(64) COLLATE utf8_bin DEFAULT NULL,
  `PROC_INST_ID_` varchar(64) COLLATE utf8_bin DEFAULT NULL,
  `ACTION_` varchar(255) COLLATE utf8_bin DEFAULT NULL,
  `MESSAGE_` varchar(4000) COLLATE utf8_bin DEFAULT NULL,
  `FULL_MSG_` longblob,
  PRIMARY KEY (`ID_`)
) ENGINE=InnoDB DEFAULT CHARSET=utf8 COLLATE=utf8_bin;

-- ----------------------------
--  Table structure for `ACT_HI_DETAIL`
-- ----------------------------
DROP TABLE IF EXISTS `ACT_HI_DETAIL`;
CREATE TABLE `ACT_HI_DETAIL` (
  `ID_` varchar(64) COLLATE utf8_bin NOT NULL,
  `TYPE_` varchar(255) COLLATE utf8_bin NOT NULL,
  `PROC_INST_ID_` varchar(64) COLLATE utf8_bin DEFAULT NULL,
  `EXECUTION_ID_` varchar(64) COLLATE utf8_bin DEFAULT NULL,
  `TASK_ID_` varchar(64) COLLATE utf8_bin DEFAULT NULL,
  `ACT_INST_ID_` varchar(64) COLLATE utf8_bin DEFAULT NULL,
  `NAME_` varchar(255) COLLATE utf8_bin NOT NULL,
  `VAR_TYPE_` varchar(255) COLLATE utf8_bin DEFAULT NULL,
  `REV_` int(11) DEFAULT NULL,
  `TIME_` datetime(3) NOT NULL,
  `BYTEARRAY_ID_` varchar(64) COLLATE utf8_bin DEFAULT NULL,
  `DOUBLE_` double DEFAULT NULL,
  `LONG_` bigint(20) DEFAULT NULL,
  `TEXT_` varchar(4000) COLLATE utf8_bin DEFAULT NULL,
  `TEXT2_` varchar(4000) COLLATE utf8_bin DEFAULT NULL,
  PRIMARY KEY (`ID_`),
  KEY `ACT_IDX_HI_DETAIL_PROC_INST` (`PROC_INST_ID_`),
  KEY `ACT_IDX_HI_DETAIL_ACT_INST` (`ACT_INST_ID_`),
  KEY `ACT_IDX_HI_DETAIL_TIME` (`TIME_`),
  KEY `ACT_IDX_HI_DETAIL_NAME` (`NAME_`),
  KEY `ACT_IDX_HI_DETAIL_TASK_ID` (`TASK_ID_`)
) ENGINE=InnoDB DEFAULT CHARSET=utf8 COLLATE=utf8_bin;

-- ----------------------------
--  Table structure for `ACT_HI_IDENTITYLINK`
-- ----------------------------
DROP TABLE IF EXISTS `ACT_HI_IDENTITYLINK`;
CREATE TABLE `ACT_HI_IDENTITYLINK` (
  `ID_` varchar(64) COLLATE utf8_bin NOT NULL,
  `GROUP_ID_` varchar(255) COLLATE utf8_bin DEFAULT NULL,
  `TYPE_` varchar(255) COLLATE utf8_bin DEFAULT NULL,
  `USER_ID_` varchar(255) COLLATE utf8_bin DEFAULT NULL,
  `TASK_ID_` varchar(64) COLLATE utf8_bin DEFAULT NULL,
  `PROC_INST_ID_` varchar(64) COLLATE utf8_bin DEFAULT NULL,
  PRIMARY KEY (`ID_`),
  KEY `ACT_IDX_HI_IDENT_LNK_USER` (`USER_ID_`),
  KEY `ACT_IDX_HI_IDENT_LNK_TASK` (`TASK_ID_`),
  KEY `ACT_IDX_HI_IDENT_LNK_PROCINST` (`PROC_INST_ID_`)
) ENGINE=InnoDB DEFAULT CHARSET=utf8 COLLATE=utf8_bin;

-- ----------------------------
--  Records of `ACT_HI_IDENTITYLINK`
-- ----------------------------
BEGIN;
INSERT INTO `ACT_HI_IDENTITYLINK` VALUES ('10007', null, 'participant', 'tenant', null, '10001'), ('10010', '部门经理', 'candidate', null, '10009', null), ('12515', null, 'participant', 'tenant', null, '12509'), ('12528', null, 'participant', 'tenant', null, '12522'), ('12531', '部门经理', 'candidate', null, '12530', null), ('15007', null, 'participant', 'tenant', null, '15001'), ('15010', '部门经理', 'candidate', null, '15009', null), ('17507', null, 'participant', 'tenant', null, '17501'), ('17510', '部门经理', 'candidate', null, '17509', null), ('17511', null, 'participant', 'wxiaoqi', null, '17501'), ('20007', null, 'participant', 'tenant', null, '20001'), ('20010', '部门经理', 'candidate', null, '20009', null), ('22507', null, 'participant', 'tenant', null, '22501'), ('22510', '部门经理', 'candidate', null, '22509', null), ('22517', null, 'participant', 'tenant', null, '22511'), ('22520', '部门经理', 'candidate', null, '22519', null), ('25007', null, 'participant', 'tenant', null, '25001'), ('25010', '部门经理', 'candidate', null, '25009', null), ('25017', null, 'participant', 'tenant', null, '25011'), ('25020', '部门经理', 'candidate', null, '25019', null), ('25027', null, 'participant', 'tenant', null, '25021'), ('25030', '部门经理', 'candidate', null, '25029', null), ('25037', null, 'participant', 'tenant', null, '25031'), ('25040', '部门经理', 'candidate', null, '25039', null), ('25047', null, 'participant', 'tenant', null, '25041'), ('25050', '部门经理', 'candidate', null, '25049', null), ('27501', null, 'participant', 'wxiaoqi', null, '25041'), ('32509', null, 'participant', 'tenant', null, '32501'), ('32512', '部门经理', 'candidate', null, '32511', null), ('35009', null, 'participant', 'tenant', null, '35001'), ('35012', '部门经理', 'candidate', null, '35011', null), ('37509', null, 'participant', 'tenant', null, '37501'), ('37512', '部门经理', 'candidate', null, '37511', null), ('40002', null, 'starter', 'tenant', null, '40001'), ('40012', '部门经理', 'candidate', null, '40011', null), ('42502', null, 'starter', 'tenant', null, '42501'), ('42512', '部门经理', 'candidate', null, '42511', null), ('42518', null, 'starter', 'tenant', null, '42517'), ('42528', '部门经理', 'candidate', null, '42527', null), ('45002', null, 'starter', 'tenant', null, '45001'), ('45012', '部门经理', 'candidate', null, '45011', null), ('47502', null, 'starter', 'tenant', null, '47501'), ('47512', '部门经理', 'candidate', null, '47511', null), ('50002', null, 'starter', 'tenant', null, '50001'), ('50012', '部门经理', 'candidate', null, '50011', null), ('52502', null, 'starter', 'tenant', null, '52501'), ('52512', '部门经理', 'candidate', null, '52511', null), ('7509', '部门经理', 'candidate', null, '7508', null);
COMMIT;

-- ----------------------------
--  Table structure for `ACT_HI_PROCINST`
-- ----------------------------
DROP TABLE IF EXISTS `ACT_HI_PROCINST`;
CREATE TABLE `ACT_HI_PROCINST` (
  `ID_` varchar(64) COLLATE utf8_bin NOT NULL,
  `PROC_INST_ID_` varchar(64) COLLATE utf8_bin NOT NULL,
  `BUSINESS_KEY_` varchar(255) COLLATE utf8_bin DEFAULT NULL,
  `PROC_DEF_ID_` varchar(64) COLLATE utf8_bin NOT NULL,
  `START_TIME_` datetime(3) NOT NULL,
  `END_TIME_` datetime(3) DEFAULT NULL,
  `DURATION_` bigint(20) DEFAULT NULL,
  `START_USER_ID_` varchar(255) COLLATE utf8_bin DEFAULT NULL,
  `START_ACT_ID_` varchar(255) COLLATE utf8_bin DEFAULT NULL,
  `END_ACT_ID_` varchar(255) COLLATE utf8_bin DEFAULT NULL,
  `SUPER_PROCESS_INSTANCE_ID_` varchar(64) COLLATE utf8_bin DEFAULT NULL,
  `DELETE_REASON_` varchar(4000) COLLATE utf8_bin DEFAULT NULL,
  `TENANT_ID_` varchar(255) COLLATE utf8_bin DEFAULT '',
  `NAME_` varchar(255) COLLATE utf8_bin DEFAULT NULL,
  PRIMARY KEY (`ID_`),
  UNIQUE KEY `PROC_INST_ID_` (`PROC_INST_ID_`),
  KEY `ACT_IDX_HI_PRO_INST_END` (`END_TIME_`),
  KEY `ACT_IDX_HI_PRO_I_BUSKEY` (`BUSINESS_KEY_`)
) ENGINE=InnoDB DEFAULT CHARSET=utf8 COLLATE=utf8_bin;

-- ----------------------------
--  Records of `ACT_HI_PROCINST`
-- ----------------------------
BEGIN;
INSERT INTO `ACT_HI_PROCINST` VALUES ('10001', '10001', null, 'process:3:5004', '2018-04-05 16:59:46.969', '2018-04-05 17:26:08.386', '1581417', null, 'start', 'stop', null, null, '', null), ('12509', '12509', null, 'process:4:12508', '2018-04-05 17:37:31.807', null, null, null, 'start', null, null, null, '', null), ('12522', '12522', null, 'process:5:12521', '2018-04-05 17:38:22.806', null, null, null, 'start', null, null, null, '', null), ('15001', '15001', null, 'process:5:12521', '2018-04-05 18:17:43.903', '2018-04-05 18:18:02.865', '18962', null, 'start', 'stop', null, null, '', null), ('17501', '17501', null, 'process:5:12521', '2018-04-05 18:26:38.621', '2018-04-05 18:26:46.544', '7923', null, 'start', 'stop', null, null, '', null), ('20001', '20001', null, 'process:5:12521', '2018-04-05 18:58:56.962', null, null, null, 'start', null, null, null, '', null), ('22501', '22501', null, 'process:5:12521', '2018-04-05 19:06:11.328', null, null, null, 'start', null, null, null, '', null), ('22511', '22511', null, 'process:5:12521', '2018-04-05 19:06:30.848', null, null, null, 'start', null, null, null, '', null), ('25001', '25001', null, 'process:5:12521', '2018-04-05 19:10:09.747', null, null, null, 'start', null, null, null, '', null), ('25011', '25011', null, 'process:5:12521', '2018-04-05 19:10:12.067', null, null, null, 'start', null, null, null, '', null), ('25021', '25021', null, 'process:5:12521', '2018-04-05 19:10:14.260', null, null, null, 'start', null, null, null, '', null), ('25031', '25031', null, 'process:5:12521', '2018-04-05 19:10:15.393', null, null, null, 'start', null, null, null, '', null), ('25041', '25041', null, 'process:5:12521', '2018-04-05 19:10:16.181', '2018-04-05 19:29:05.467', '1129286', null, 'start', 'stop', null, null, '', null), ('32501', '32501', null, 'process:6:30004', '2018-04-06 18:09:44.758', null, null, null, 'start', null, null, null, '', null), ('35001', '35001', null, 'process:6:30004', '2018-04-06 18:23:19.408', null, null, null, 'start', null, null, null, '', null), ('37501', '37501', null, 'process:6:30004', '2018-04-06 18:28:54.575', null, null, null, 'start', null, null, null, '', null), ('40001', '40001', null, 'process:7:37516', '2018-04-06 18:36:42.398', null, null, 'tenant', 'start', null, null, null, '', null), ('42501', '42501', null, 'process:7:37516', '2018-04-06 18:38:34.266', null, null, 'tenant', 'start', null, null, null, '', null), ('42517', '42517', null, 'process:8:42516', '2018-04-06 19:17:36.284', null, null, 'tenant', 'start', null, null, null, '', null), ('45001', '45001', null, 'process:8:42516', '2018-04-06 19:19:34.416', null, null, 'tenant', 'start', null, null, null, '', null), ('47501', '47501', null, 'process:8:42516', '2018-04-06 19:21:15.799', null, null, 'tenant', 'start', null, null, null, '', null), ('50001', '50001', null, 'process:8:42516', '2018-04-06 19:24:11.604', null, null, 'tenant', 'start', null, null, null, '', null), ('52501', '52501', null, 'process:8:42516', '2018-04-06 19:32:45.157', null, null, 'tenant', 'start', null, null, null, '', null), ('7501', '7501', null, 'process:3:5004', '2018-04-05 16:53:05.790', null, null, null, 'start', null, null, null, '', null);
COMMIT;

-- ----------------------------
--  Table structure for `ACT_HI_TASKINST`
-- ----------------------------
DROP TABLE IF EXISTS `ACT_HI_TASKINST`;
CREATE TABLE `ACT_HI_TASKINST` (
  `ID_` varchar(64) COLLATE utf8_bin NOT NULL,
  `PROC_DEF_ID_` varchar(64) COLLATE utf8_bin DEFAULT NULL,
  `TASK_DEF_KEY_` varchar(255) COLLATE utf8_bin DEFAULT NULL,
  `PROC_INST_ID_` varchar(64) COLLATE utf8_bin DEFAULT NULL,
  `EXECUTION_ID_` varchar(64) COLLATE utf8_bin DEFAULT NULL,
  `NAME_` varchar(255) COLLATE utf8_bin DEFAULT NULL,
  `PARENT_TASK_ID_` varchar(64) COLLATE utf8_bin DEFAULT NULL,
  `DESCRIPTION_` varchar(4000) COLLATE utf8_bin DEFAULT NULL,
  `OWNER_` varchar(255) COLLATE utf8_bin DEFAULT NULL,
  `ASSIGNEE_` varchar(255) COLLATE utf8_bin DEFAULT NULL,
  `START_TIME_` datetime(3) NOT NULL,
  `CLAIM_TIME_` datetime(3) DEFAULT NULL,
  `END_TIME_` datetime(3) DEFAULT NULL,
  `DURATION_` bigint(20) DEFAULT NULL,
  `DELETE_REASON_` varchar(4000) COLLATE utf8_bin DEFAULT NULL,
  `PRIORITY_` int(11) DEFAULT NULL,
  `DUE_DATE_` datetime(3) DEFAULT NULL,
  `FORM_KEY_` varchar(255) COLLATE utf8_bin DEFAULT NULL,
  `CATEGORY_` varchar(255) COLLATE utf8_bin DEFAULT NULL,
  `TENANT_ID_` varchar(255) COLLATE utf8_bin DEFAULT '',
  PRIMARY KEY (`ID_`),
  KEY `ACT_IDX_HI_TASK_INST_PROCINST` (`PROC_INST_ID_`)
) ENGINE=InnoDB DEFAULT CHARSET=utf8 COLLATE=utf8_bin;

-- ----------------------------
--  Records of `ACT_HI_TASKINST`
-- ----------------------------
BEGIN;
INSERT INTO `ACT_HI_TASKINST` VALUES ('10006', 'process:3:5004', 'apply', '10001', '10001', '请假申请', null, null, null, 'tenant', '2018-04-05 16:59:46.990', null, '2018-04-05 16:59:47.108', '118', 'completed', '50', null, null, null, ''), ('10009', 'process:3:5004', 'approve', '10001', '10001', '经理审批', null, null, null, null, '2018-04-05 16:59:47.125', null, '2018-04-05 17:26:08.339', '1581214', 'completed', '50', null, null, null, ''), ('12514', 'process:4:12508', 'apply', '12509', '12509', '请假申请', null, null, null, 'tenant', '2018-04-05 17:37:31.813', null, null, null, null, '50', null, null, null, ''), ('12527', 'process:5:12521', 'apply', '12522', '12522', '请假申请', null, null, null, 'tenant', '2018-04-05 17:38:22.810', null, '2018-04-05 17:38:22.863', '53', 'completed', '50', null, null, null, ''), ('12530', 'process:5:12521', 'approve', '12522', '12522', '经理审批', null, null, null, null, '2018-04-05 17:38:22.866', null, null, null, null, '50', null, null, null, ''), ('15006', 'process:5:12521', 'apply', '15001', '15001', '请假申请', null, null, null, 'tenant', '2018-04-05 18:17:43.929', null, '2018-04-05 18:17:44.055', '126', 'completed', '50', null, null, null, ''), ('15009', 'process:5:12521', 'approve', '15001', '15001', '经理审批', null, null, null, null, '2018-04-05 18:17:44.079', null, '2018-04-05 18:18:02.840', '18761', 'completed', '50', null, null, null, ''), ('17506', 'process:5:12521', 'apply', '17501', '17501', '请假申请', null, null, null, 'tenant', '2018-04-05 18:26:38.640', null, '2018-04-05 18:26:38.794', '154', 'completed', '50', null, null, null, ''), ('17509', 'process:5:12521', 'approve', '17501', '17501', '经理审批', null, null, null, 'wxiaoqi', '2018-04-05 18:26:38.814', null, '2018-04-05 18:26:46.528', '7714', 'completed', '50', null, null, null, ''), ('20006', 'process:5:12521', 'apply', '20001', '20001', '请假申请', null, null, null, 'tenant', '2018-04-05 18:58:56.978', null, '2018-04-05 18:58:57.062', '84', 'completed', '50', null, null, null, ''), ('20009', 'process:5:12521', 'approve', '20001', '20001', '经理审批', null, null, null, null, '2018-04-05 18:58:57.070', null, null, null, null, '50', null, null, null, ''), ('22506', 'process:5:12521', 'apply', '22501', '22501', '请假申请', null, null, null, 'tenant', '2018-04-05 19:06:11.353', null, '2018-04-05 19:06:11.456', '103', 'completed', '50', null, null, null, ''), ('22509', 'process:5:12521', 'approve', '22501', '22501', '经理审批', null, null, null, null, '2018-04-05 19:06:11.467', null, null, null, null, '50', null, null, null, ''), ('22516', 'process:5:12521', 'apply', '22511', '22511', '请假申请', null, null, null, 'tenant', '2018-04-05 19:06:30.854', null, '2018-04-05 19:06:30.991', '137', 'completed', '50', null, null, null, ''), ('22519', 'process:5:12521', 'approve', '22511', '22511', '经理审批', null, null, null, null, '2018-04-05 19:06:30.998', null, null, null, null, '50', null, null, null, ''), ('25006', 'process:5:12521', 'apply', '25001', '25001', '请假申请', null, null, null, 'tenant', '2018-04-05 19:10:09.767', null, '2018-04-05 19:10:09.852', '85', 'completed', '50', null, null, null, ''), ('25009', 'process:5:12521', 'approve', '25001', '25001', '经理审批', null, null, null, null, '2018-04-05 19:10:09.862', null, null, null, null, '50', null, null, null, ''), ('25016', 'process:5:12521', 'apply', '25011', '25011', '请假申请', null, null, null, 'tenant', '2018-04-05 19:10:12.071', null, '2018-04-05 19:10:12.180', '109', 'completed', '50', null, null, null, ''), ('25019', 'process:5:12521', 'approve', '25011', '25011', '经理审批', null, null, null, null, '2018-04-05 19:10:12.196', null, null, null, null, '50', null, null, null, ''), ('25026', 'process:5:12521', 'apply', '25021', '25021', '请假申请', null, null, null, 'tenant', '2018-04-05 19:10:14.264', null, '2018-04-05 19:10:14.314', '50', 'completed', '50', null, null, null, ''), ('25029', 'process:5:12521', 'approve', '25021', '25021', '经理审批', null, null, null, null, '2018-04-05 19:10:14.318', null, null, null, null, '50', null, null, null, ''), ('25036', 'process:5:12521', 'apply', '25031', '25031', '请假申请', null, null, null, 'tenant', '2018-04-05 19:10:15.396', null, '2018-04-05 19:10:15.445', '49', 'completed', '50', null, null, null, ''), ('25039', 'process:5:12521', 'approve', '25031', '25031', '经理审批', null, null, null, null, '2018-04-05 19:10:15.451', null, null, null, null, '50', null, null, null, ''), ('25046', 'process:5:12521', 'apply', '25041', '25041', '请假申请', null, null, null, 'tenant', '2018-04-05 19:10:16.186', null, '2018-04-05 19:10:16.247', '61', 'completed', '50', null, null, null, ''), ('25049', 'process:5:12521', 'approve', '25041', '25041', '经理审批', null, null, null, 'wxiaoqi', '2018-04-05 19:10:16.252', null, '2018-04-05 19:29:05.430', '1129178', 'completed', '50', null, null, null, ''), ('32508', 'process:6:30004', 'apply', '32501', '32501', '请假申请', null, null, null, 'tenant', '2018-04-06 18:09:44.791', null, '2018-04-06 18:09:44.984', '193', 'completed', '50', null, 'leave-start.form', null, ''), ('32511', 'process:6:30004', 'approve', '32501', '32501', '经理审批', null, null, null, null, '2018-04-06 18:09:45.004', null, null, null, null, '50', null, null, null, ''), ('35008', 'process:6:30004', 'apply', '35001', '35001', '请假申请', null, null, null, 'tenant', '2018-04-06 18:23:19.434', null, '2018-04-06 18:23:19.598', '164', 'completed', '50', null, 'leave-start.form', null, ''), ('35011', 'process:6:30004', 'approve', '35001', '35001', '经理审批', null, null, null, null, '2018-04-06 18:23:19.617', null, null, null, null, '50', null, null, null, ''), ('37508', 'process:6:30004', 'apply', '37501', '37501', '请假申请', null, null, null, 'tenant', '2018-04-06 18:28:54.598', null, '2018-04-06 18:28:54.858', '260', 'completed', '50', null, 'leave-start.form', null, ''), ('37511', 'process:6:30004', 'approve', '37501', '37501', '经理审批', null, null, null, null, '2018-04-06 18:28:54.878', null, null, null, null, '50', null, null, null, ''), ('40009', 'process:7:37516', 'apply', '40001', '40001', '请假申请', null, null, null, 'tenant', '2018-04-06 18:36:42.422', null, '2018-04-06 18:36:42.597', '175', 'completed', '50', null, 'leave-start.form', null, ''), ('40011', 'process:7:37516', 'approve', '40001', '40001', '经理审批', null, null, null, null, '2018-04-06 18:36:42.615', null, null, null, null, '50', null, null, null, ''), ('42509', 'process:7:37516', 'apply', '42501', '42501', '请假申请', null, null, null, 'tenant', '2018-04-06 18:38:34.289', null, '2018-04-06 18:38:34.438', '149', 'completed', '50', null, 'leave-start.form', null, ''), ('42511', 'process:7:37516', 'approve', '42501', '42501', '经理审批', null, null, null, null, '2018-04-06 18:38:34.459', null, null, null, null, '50', null, null, null, ''), ('42525', 'process:8:42516', 'apply', '42517', '42517', '请假申请', null, null, null, 'tenant', '2018-04-06 19:17:36.290', null, '2018-04-06 19:17:36.475', '185', 'completed', '50', null, 'leave-start.form', null, ''), ('42527', 'process:8:42516', 'approve', '42517', '42517', '经理审批', null, null, null, null, '2018-04-06 19:17:36.480', null, null, null, null, '50', null, null, null, ''), ('45009', 'process:8:42516', 'apply', '45001', '45001', '请假申请', null, null, null, 'tenant', '2018-04-06 19:19:34.432', null, '2018-04-06 19:19:34.645', '213', 'completed', '50', null, 'leave-start.form', null, ''), ('45011', 'process:8:42516', 'approve', '45001', '45001', '经理审批', null, null, null, null, '2018-04-06 19:19:34.667', null, null, null, null, '50', null, null, null, ''), ('47509', 'process:8:42516', 'apply', '47501', '47501', '请假申请', null, null, null, 'tenant', '2018-04-06 19:21:15.816', null, '2018-04-06 19:21:15.957', '141', 'completed', '50', null, 'leave-start.form', null, ''), ('47511', 'process:8:42516', 'approve', '47501', '47501', '经理审批', null, null, null, null, '2018-04-06 19:21:15.978', null, null, null, null, '50', null, null, null, ''), ('50009', 'process:8:42516', 'apply', '50001', '50001', '请假申请', null, null, null, 'tenant', '2018-04-06 19:24:11.622', null, '2018-04-06 19:24:11.788', '166', 'completed', '50', null, 'leave-start.form', null, ''), ('50011', 'process:8:42516', 'approve', '50001', '50001', '经理审批', null, null, null, null, '2018-04-06 19:24:11.807', null, null, null, null, '50', null, null, null, ''), ('52509', 'process:8:42516', 'apply', '52501', '52501', '请假申请', null, null, null, 'tenant', '2018-04-06 19:32:45.182', null, '2018-04-06 19:32:45.338', '156', 'completed', '50', null, 'leave-start.form', null, ''), ('52511', 'process:8:42516', 'approve', '52501', '52501', '经理审批', null, null, null, null, '2018-04-06 19:32:45.356', null, null, null, null, '50', null, null, null, ''), ('7506', 'process:3:5004', 'apply', '7501', '7501', '请假申请', null, null, null, null, '2018-04-05 16:53:05.831', null, '2018-04-05 16:53:06.044', '213', 'completed', '50', null, null, null, ''), ('7508', 'process:3:5004', 'approve', '7501', '7501', '经理审批', null, null, null, null, '2018-04-05 16:53:06.059', null, null, null, null, '50', null, null, null, '');
COMMIT;

-- ----------------------------
--  Table structure for `ACT_HI_VARINST`
-- ----------------------------
DROP TABLE IF EXISTS `ACT_HI_VARINST`;
CREATE TABLE `ACT_HI_VARINST` (
  `ID_` varchar(64) COLLATE utf8_bin NOT NULL,
  `PROC_INST_ID_` varchar(64) COLLATE utf8_bin DEFAULT NULL,
  `EXECUTION_ID_` varchar(64) COLLATE utf8_bin DEFAULT NULL,
  `TASK_ID_` varchar(64) COLLATE utf8_bin DEFAULT NULL,
  `NAME_` varchar(255) COLLATE utf8_bin NOT NULL,
  `VAR_TYPE_` varchar(100) COLLATE utf8_bin DEFAULT NULL,
  `REV_` int(11) DEFAULT NULL,
  `BYTEARRAY_ID_` varchar(64) COLLATE utf8_bin DEFAULT NULL,
  `DOUBLE_` double DEFAULT NULL,
  `LONG_` bigint(20) DEFAULT NULL,
  `TEXT_` varchar(4000) COLLATE utf8_bin DEFAULT NULL,
  `TEXT2_` varchar(4000) COLLATE utf8_bin DEFAULT NULL,
  `CREATE_TIME_` datetime(3) DEFAULT NULL,
  `LAST_UPDATED_TIME_` datetime(3) DEFAULT NULL,
  PRIMARY KEY (`ID_`),
  KEY `ACT_IDX_HI_PROCVAR_PROC_INST` (`PROC_INST_ID_`),
  KEY `ACT_IDX_HI_PROCVAR_NAME_TYPE` (`NAME_`,`VAR_TYPE_`),
  KEY `ACT_IDX_HI_PROCVAR_TASK_ID` (`TASK_ID_`)
) ENGINE=InnoDB DEFAULT CHARSET=utf8 COLLATE=utf8_bin;

-- ----------------------------
--  Records of `ACT_HI_VARINST`
-- ----------------------------
BEGIN;
INSERT INTO `ACT_HI_VARINST` VALUES ('10003', '10001', '10001', null, 'reason', 'string', '2', null, null, null, '老板，请假三天三夜！', null, '2018-04-05 16:59:46.970', '2018-04-05 17:26:08.396'), ('10004', '10001', '10001', null, 'employee', 'string', '2', null, null, null, 'tenant', null, '2018-04-05 16:59:46.971', '2018-04-05 17:26:08.396'), ('12501', '10001', '10001', null, 'approver', 'string', '0', null, null, null, 'wxiaoqi', null, '2018-04-05 17:26:08.101', '2018-04-05 17:26:08.396'), ('12502', '10001', '10001', null, 'agree', 'boolean', '0', null, null, '1', null, null, '2018-04-05 17:26:08.103', '2018-04-05 17:26:08.396'), ('12511', '12509', '12509', null, 'reason', 'string', '0', null, null, null, '老板，请假三天三夜！清明假期啊！', null, '2018-04-05 17:37:31.808', '2018-04-05 17:37:31.808'), ('12512', '12509', '12509', null, 'employee', 'string', '0', null, null, null, 'tenant', null, '2018-04-05 17:37:31.808', '2018-04-05 17:37:31.808'), ('12524', '12522', '12522', null, 'reason', 'string', '1', null, null, null, '老板，请假三天三夜！清明假期啊！', null, '2018-04-05 17:38:22.806', '2018-04-05 17:38:22.858'), ('12525', '12522', '12522', null, 'employee', 'string', '1', null, null, null, 'tenant', null, '2018-04-05 17:38:22.806', '2018-04-05 17:38:22.859'), ('15003', '15001', '15001', null, 'reason', 'string', '2', null, null, null, '老板，请假三天三夜！清明假期啊！', null, '2018-04-05 18:17:43.905', '2018-04-05 18:18:02.868'), ('15004', '15001', '15001', null, 'employee', 'string', '2', null, null, null, 'tenant', null, '2018-04-05 18:17:43.909', '2018-04-05 18:18:02.868'), ('15011', '15001', '15001', null, 'agree', 'boolean', '0', null, null, '1', null, null, '2018-04-05 18:18:02.835', '2018-04-05 18:18:02.868'), ('17503', '17501', '17501', null, 'reason', 'string', '2', null, null, null, '老板，请假三天三夜！清明假期啊！', null, '2018-04-05 18:26:38.622', '2018-04-05 18:26:46.548'), ('17504', '17501', '17501', null, 'employee', 'string', '2', null, null, null, 'tenant', null, '2018-04-05 18:26:38.623', '2018-04-05 18:26:46.549'), ('17512', '17501', '17501', null, 'agree', 'boolean', '0', null, null, '1', null, null, '2018-04-05 18:26:46.521', '2018-04-05 18:26:46.549'), ('20003', '20001', '20001', null, 'reason', 'string', '1', null, null, null, '老板，请假三天三夜！清明假期啊！', null, '2018-04-05 18:58:56.963', '2018-04-05 18:58:57.051'), ('20004', '20001', '20001', null, 'employee', 'string', '1', null, null, null, 'tenant', null, '2018-04-05 18:58:56.963', '2018-04-05 18:58:57.053'), ('22503', '22501', '22501', null, 'reason', 'string', '1', null, null, null, '老板，请假三天三夜！清明假期啊！', null, '2018-04-05 19:06:11.329', '2018-04-05 19:06:11.448'), ('22504', '22501', '22501', null, 'employee', 'string', '1', null, null, null, 'tenant', null, '2018-04-05 19:06:11.330', '2018-04-05 19:06:11.449'), ('22513', '22511', '22511', null, 'reason', 'string', '1', null, null, null, '老板，请假三天三夜！清明假期啊！1', null, '2018-04-05 19:06:30.848', '2018-04-05 19:06:30.983'), ('22514', '22511', '22511', null, 'employee', 'string', '1', null, null, null, 'tenant', null, '2018-04-05 19:06:30.848', '2018-04-05 19:06:30.985'), ('25003', '25001', '25001', null, 'reason', 'string', '1', null, null, null, '老板，请假三天三夜！清明假期啊！', null, '2018-04-05 19:10:09.748', '2018-04-05 19:10:09.841'), ('25004', '25001', '25001', null, 'employee', 'string', '1', null, null, null, 'tenant', null, '2018-04-05 19:10:09.749', '2018-04-05 19:10:09.842'), ('25013', '25011', '25011', null, 'reason', 'string', '1', null, null, null, '老板，请假三天三夜！清明假期啊！', null, '2018-04-05 19:10:12.067', '2018-04-05 19:10:12.144'), ('25014', '25011', '25011', null, 'employee', 'string', '1', null, null, null, 'tenant', null, '2018-04-05 19:10:12.067', '2018-04-05 19:10:12.146'), ('25023', '25021', '25021', null, 'reason', 'string', '1', null, null, null, '老板，请假三天三夜！清明假期啊！', null, '2018-04-05 19:10:14.260', '2018-04-05 19:10:14.307'), ('25024', '25021', '25021', null, 'employee', 'string', '1', null, null, null, 'tenant', null, '2018-04-05 19:10:14.260', '2018-04-05 19:10:14.308'), ('25033', '25031', '25031', null, 'reason', 'string', '1', null, null, null, '老板，请假三天三夜！清明假期啊！', null, '2018-04-05 19:10:15.393', '2018-04-05 19:10:15.435'), ('25034', '25031', '25031', null, 'employee', 'string', '1', null, null, null, 'tenant', null, '2018-04-05 19:10:15.393', '2018-04-05 19:10:15.436'), ('25043', '25041', '25041', null, 'reason', 'string', '2', null, null, null, '老板，请假三天三夜！清明假期啊！', null, '2018-04-05 19:10:16.181', '2018-04-05 19:29:05.476'), ('25044', '25041', '25041', null, 'employee', 'string', '2', null, null, null, 'tenant', null, '2018-04-05 19:10:16.181', '2018-04-05 19:29:05.476'), ('27502', '25041', '25041', null, 'agree', 'boolean', '0', null, null, '1', null, null, '2018-04-05 19:29:05.414', '2018-04-05 19:29:05.476'), ('32503', '32501', '32501', null, 'reason', 'string', '1', null, null, null, '老板，请假三天三夜！清明假期啊！', null, '2018-04-06 18:09:44.759', '2018-04-06 18:09:44.969'), ('32504', '32501', '32501', null, 'endDate', 'null', '1', null, null, null, null, null, '2018-04-06 18:09:44.760', '2018-04-06 18:09:44.971'), ('32505', '32501', '32501', null, 'employee', 'string', '1', null, null, null, 'tenant', null, '2018-04-06 18:09:44.760', '2018-04-06 18:09:44.972'), ('32506', '32501', '32501', null, 'startDate', 'null', '1', null, null, null, null, null, '2018-04-06 18:09:44.760', '2018-04-06 18:09:44.974'), ('35003', '35001', '35001', null, 'reason', 'string', '1', null, null, null, '老板，请假三天三夜！清明假期啊！', null, '2018-04-06 18:23:19.409', '2018-04-06 18:23:19.584'), ('35004', '35001', '35001', null, 'endDate', 'date', '1', null, null, '1523116800000', null, null, '2018-04-06 18:23:19.410', '2018-04-06 18:23:19.586'), ('35005', '35001', '35001', null, 'employee', 'string', '1', null, null, null, 'tenant', null, '2018-04-06 18:23:19.410', '2018-04-06 18:23:19.587'), ('35006', '35001', '35001', null, 'startDate', 'date', '1', null, null, '1522944000000', null, null, '2018-04-06 18:23:19.410', '2018-04-06 18:23:19.588'), ('37503', '37501', '37501', null, 'reason', 'string', '1', null, null, null, '老板，请假三天三夜！清明假期啊！', null, '2018-04-06 18:28:54.575', '2018-04-06 18:28:54.843'), ('37504', '37501', '37501', null, 'endDate', 'date', '1', null, null, '1523116800000', null, null, '2018-04-06 18:28:54.576', '2018-04-06 18:28:54.844'), ('37505', '37501', '37501', null, 'employee', 'string', '1', null, null, null, 'tenant', null, '2018-04-06 18:28:54.576', '2018-04-06 18:28:54.845'), ('37506', '37501', '37501', null, 'startDate', 'date', '1', null, null, '1522944000000', null, null, '2018-04-06 18:28:54.576', '2018-04-06 18:28:54.847'), ('40004', '40001', '40001', null, 'reason', 'string', '1', null, null, null, '老板，请假三天三夜！清明假期啊！', null, '2018-04-06 18:36:42.399', '2018-04-06 18:36:42.584'), ('40005', '40001', '40001', null, 'endDate', 'date', '1', null, null, '1523116800000', null, null, '2018-04-06 18:36:42.399', '2018-04-06 18:36:42.585'), ('40006', '40001', '40001', null, 'employee', 'string', '1', null, null, null, 'tenant', null, '2018-04-06 18:36:42.399', '2018-04-06 18:36:42.586'), ('40007', '40001', '40001', null, 'startDate', 'date', '1', null, null, '1522944000000', null, null, '2018-04-06 18:36:42.399', '2018-04-06 18:36:42.587'), ('42504', '42501', '42501', null, 'reason', 'string', '1', null, null, null, '老板，请假三天三夜！清明假期啊！', null, '2018-04-06 18:38:34.267', '2018-04-06 18:38:34.423'), ('42505', '42501', '42501', null, 'endDate', 'date', '1', null, null, '1523116800000', null, null, '2018-04-06 18:38:34.269', '2018-04-06 18:38:34.426'), ('42506', '42501', '42501', null, 'employee', 'string', '1', null, null, null, 'tenant', null, '2018-04-06 18:38:34.269', '2018-04-06 18:38:34.427'), ('42507', '42501', '42501', null, 'startDate', 'date', '1', null, null, '1522944000000', null, null, '2018-04-06 18:38:34.269', '2018-04-06 18:38:34.428'), ('42520', '42517', '42517', null, 'reason', 'string', '1', null, null, null, '老板，请假三天三夜！清明假期啊！', null, '2018-04-06 19:17:36.285', '2018-04-06 19:17:36.463'), ('42521', '42517', '42517', null, 'endDate', 'date', '1', null, null, '1523116800000', null, null, '2018-04-06 19:17:36.285', '2018-04-06 19:17:36.464'), ('42522', '42517', '42517', null, 'employee', 'string', '1', null, null, null, 'tenant', null, '2018-04-06 19:17:36.285', '2018-04-06 19:17:36.466'), ('42523', '42517', '42517', null, 'startDate', 'date', '1', null, null, '1522944000000', null, null, '2018-04-06 19:17:36.285', '2018-04-06 19:17:36.466'), ('45004', '45001', '45001', null, 'reason', 'string', '1', null, null, null, '老板，请假三天三夜！清明假期啊！', null, '2018-04-06 19:19:34.416', '2018-04-06 19:19:34.624'), ('45005', '45001', '45001', null, 'endDate', 'date', '1', null, null, '1523116800000', null, null, '2018-04-06 19:19:34.417', '2018-04-06 19:19:34.626'), ('45006', '45001', '45001', null, 'employee', 'string', '1', null, null, null, 'tenant', null, '2018-04-06 19:19:34.417', '2018-04-06 19:19:34.629'), ('45007', '45001', '45001', null, 'startDate', 'date', '1', null, null, '1522944000000', null, null, '2018-04-06 19:19:34.417', '2018-04-06 19:19:34.635'), ('47504', '47501', '47501', null, 'reason', 'string', '1', null, null, null, '老板，请假三天三夜！清明假期啊！', null, '2018-04-06 19:21:15.799', '2018-04-06 19:21:15.936'), ('47505', '47501', '47501', null, 'endDate', 'date', '1', null, null, '1523116800000', null, null, '2018-04-06 19:21:15.800', '2018-04-06 19:21:15.939'), ('47506', '47501', '47501', null, 'employee', 'string', '1', null, null, null, 'tenant', null, '2018-04-06 19:21:15.800', '2018-04-06 19:21:15.942'), ('47507', '47501', '47501', null, 'startDate', 'date', '1', null, null, '1522944000000', null, null, '2018-04-06 19:21:15.800', '2018-04-06 19:21:15.944'), ('50004', '50001', '50001', null, 'reason', 'string', '1', null, null, null, '老板，请假三天三夜！清明假期啊！', null, '2018-04-06 19:24:11.605', '2018-04-06 19:24:11.765'), ('50005', '50001', '50001', null, 'endDate', 'date', '1', null, null, '1523116800000', null, null, '2018-04-06 19:24:11.606', '2018-04-06 19:24:11.767'), ('50006', '50001', '50001', null, 'employee', 'string', '1', null, null, null, 'tenant', null, '2018-04-06 19:24:11.606', '2018-04-06 19:24:11.768'), ('50007', '50001', '50001', null, 'startDate', 'date', '1', null, null, '1522944000000', null, null, '2018-04-06 19:24:11.606', '2018-04-06 19:24:11.770'), ('52504', '52501', '52501', null, 'reason', 'string', '1', null, null, null, '老板，请假三天三夜！清明假期啊！', null, '2018-04-06 19:32:45.158', '2018-04-06 19:32:45.318'), ('52505', '52501', '52501', null, 'endDate', 'date', '1', null, null, '1523116800000', null, null, '2018-04-06 19:32:45.159', '2018-04-06 19:32:45.320'), ('52506', '52501', '52501', null, 'employee', 'string', '1', null, null, null, 'tenant', null, '2018-04-06 19:32:45.159', '2018-04-06 19:32:45.321'), ('52507', '52501', '52501', null, 'startDate', 'date', '1', null, null, '1522944000000', null, null, '2018-04-06 19:32:45.159', '2018-04-06 19:32:45.322'), ('7503', '7501', '7501', null, 'reason', 'string', '1', null, null, null, '老板，请假三天三夜！', null, '2018-04-05 16:53:05.791', '2018-04-05 16:53:06.031'), ('7504', '7501', '7501', null, 'employee', 'null', '1', null, null, null, null, null, '2018-04-05 16:53:05.792', '2018-04-05 16:53:06.032');
COMMIT;

-- ----------------------------
--  Table structure for `ACT_ID_GROUP`
-- ----------------------------
DROP TABLE IF EXISTS `ACT_ID_GROUP`;
CREATE TABLE `ACT_ID_GROUP` (
  `ID_` varchar(64) COLLATE utf8_bin NOT NULL,
  `REV_` int(11) DEFAULT NULL,
  `NAME_` varchar(255) COLLATE utf8_bin DEFAULT NULL,
  `TYPE_` varchar(255) COLLATE utf8_bin DEFAULT NULL,
  PRIMARY KEY (`ID_`)
) ENGINE=InnoDB DEFAULT CHARSET=utf8 COLLATE=utf8_bin;

-- ----------------------------
--  Table structure for `ACT_ID_INFO`
-- ----------------------------
DROP TABLE IF EXISTS `ACT_ID_INFO`;
CREATE TABLE `ACT_ID_INFO` (
  `ID_` varchar(64) COLLATE utf8_bin NOT NULL,
  `REV_` int(11) DEFAULT NULL,
  `USER_ID_` varchar(64) COLLATE utf8_bin DEFAULT NULL,
  `TYPE_` varchar(64) COLLATE utf8_bin DEFAULT NULL,
  `KEY_` varchar(255) COLLATE utf8_bin DEFAULT NULL,
  `VALUE_` varchar(255) COLLATE utf8_bin DEFAULT NULL,
  `PASSWORD_` longblob,
  `PARENT_ID_` varchar(255) COLLATE utf8_bin DEFAULT NULL,
  PRIMARY KEY (`ID_`)
) ENGINE=InnoDB DEFAULT CHARSET=utf8 COLLATE=utf8_bin;

-- ----------------------------
--  Table structure for `ACT_ID_MEMBERSHIP`
-- ----------------------------
DROP TABLE IF EXISTS `ACT_ID_MEMBERSHIP`;
CREATE TABLE `ACT_ID_MEMBERSHIP` (
  `USER_ID_` varchar(64) COLLATE utf8_bin NOT NULL,
  `GROUP_ID_` varchar(64) COLLATE utf8_bin NOT NULL,
  PRIMARY KEY (`USER_ID_`,`GROUP_ID_`),
  KEY `ACT_FK_MEMB_GROUP` (`GROUP_ID_`),
  CONSTRAINT `ACT_FK_MEMB_GROUP` FOREIGN KEY (`GROUP_ID_`) REFERENCES `ACT_ID_GROUP` (`ID_`),
  CONSTRAINT `ACT_FK_MEMB_USER` FOREIGN KEY (`USER_ID_`) REFERENCES `ACT_ID_USER` (`ID_`)
) ENGINE=InnoDB DEFAULT CHARSET=utf8 COLLATE=utf8_bin;

-- ----------------------------
--  Table structure for `ACT_ID_USER`
-- ----------------------------
DROP TABLE IF EXISTS `ACT_ID_USER`;
CREATE TABLE `ACT_ID_USER` (
  `ID_` varchar(64) COLLATE utf8_bin NOT NULL,
  `REV_` int(11) DEFAULT NULL,
  `FIRST_` varchar(255) COLLATE utf8_bin DEFAULT NULL,
  `LAST_` varchar(255) COLLATE utf8_bin DEFAULT NULL,
  `EMAIL_` varchar(255) COLLATE utf8_bin DEFAULT NULL,
  `PWD_` varchar(255) COLLATE utf8_bin DEFAULT NULL,
  `PICTURE_ID_` varchar(64) COLLATE utf8_bin DEFAULT NULL,
  PRIMARY KEY (`ID_`)
) ENGINE=InnoDB DEFAULT CHARSET=utf8 COLLATE=utf8_bin;

-- ----------------------------
--  Table structure for `ACT_PROCDEF_INFO`
-- ----------------------------
DROP TABLE IF EXISTS `ACT_PROCDEF_INFO`;
CREATE TABLE `ACT_PROCDEF_INFO` (
  `ID_` varchar(64) COLLATE utf8_bin NOT NULL,
  `PROC_DEF_ID_` varchar(64) COLLATE utf8_bin NOT NULL,
  `REV_` int(11) DEFAULT NULL,
  `INFO_JSON_ID_` varchar(64) COLLATE utf8_bin DEFAULT NULL,
  PRIMARY KEY (`ID_`),
  UNIQUE KEY `ACT_UNIQ_INFO_PROCDEF` (`PROC_DEF_ID_`),
  KEY `ACT_IDX_INFO_PROCDEF` (`PROC_DEF_ID_`),
  KEY `ACT_FK_INFO_JSON_BA` (`INFO_JSON_ID_`),
  CONSTRAINT `ACT_FK_INFO_JSON_BA` FOREIGN KEY (`INFO_JSON_ID_`) REFERENCES `ACT_GE_BYTEARRAY` (`ID_`),
  CONSTRAINT `ACT_FK_INFO_PROCDEF` FOREIGN KEY (`PROC_DEF_ID_`) REFERENCES `ACT_RE_PROCDEF` (`ID_`)
) ENGINE=InnoDB DEFAULT CHARSET=utf8 COLLATE=utf8_bin;

-- ----------------------------
--  Table structure for `ACT_RE_DEPLOYMENT`
-- ----------------------------
DROP TABLE IF EXISTS `ACT_RE_DEPLOYMENT`;
CREATE TABLE `ACT_RE_DEPLOYMENT` (
  `ID_` varchar(64) COLLATE utf8_bin NOT NULL,
  `NAME_` varchar(255) COLLATE utf8_bin DEFAULT NULL,
  `CATEGORY_` varchar(255) COLLATE utf8_bin DEFAULT NULL,
  `TENANT_ID_` varchar(255) COLLATE utf8_bin DEFAULT '',
  `DEPLOY_TIME_` timestamp(3) NULL DEFAULT NULL,
  PRIMARY KEY (`ID_`)
) ENGINE=InnoDB DEFAULT CHARSET=utf8 COLLATE=utf8_bin;

-- ----------------------------
--  Records of `ACT_RE_DEPLOYMENT`
-- ----------------------------
BEGIN;
INSERT INTO `ACT_RE_DEPLOYMENT` VALUES ('12505', '请假流程', null, '', '2018-04-05 17:34:39.520'), ('12518', '请假流程', null, '', '2018-04-05 17:38:03.752'), ('2508', 'new-process', null, '', '2018-04-04 21:27:55.138'), ('2512', '请假流程', null, '', '2018-04-05 14:07:45.575'), ('30001', '请假流程', null, '', '2018-04-06 16:48:01.753'), ('37513', '请假流程', null, '', '2018-04-06 18:29:39.842'), ('42513', '请假流程', null, '', '2018-04-06 19:17:01.360'), ('5001', '请假流程', null, '', '2018-04-05 16:46:57.624');
COMMIT;

-- ----------------------------
--  Table structure for `ACT_RE_MODEL`
-- ----------------------------
DROP TABLE IF EXISTS `ACT_RE_MODEL`;
CREATE TABLE `ACT_RE_MODEL` (
  `ID_` varchar(64) COLLATE utf8_bin NOT NULL,
  `REV_` int(11) DEFAULT NULL,
  `NAME_` varchar(255) COLLATE utf8_bin DEFAULT NULL,
  `KEY_` varchar(255) COLLATE utf8_bin DEFAULT NULL,
  `CATEGORY_` varchar(255) COLLATE utf8_bin DEFAULT NULL,
  `CREATE_TIME_` timestamp(3) NULL DEFAULT NULL,
  `LAST_UPDATE_TIME_` timestamp(3) NULL DEFAULT NULL,
  `VERSION_` int(11) DEFAULT NULL,
  `META_INFO_` varchar(4000) COLLATE utf8_bin DEFAULT NULL,
  `DEPLOYMENT_ID_` varchar(64) COLLATE utf8_bin DEFAULT NULL,
  `EDITOR_SOURCE_VALUE_ID_` varchar(64) COLLATE utf8_bin DEFAULT NULL,
  `EDITOR_SOURCE_EXTRA_VALUE_ID_` varchar(64) COLLATE utf8_bin DEFAULT NULL,
  `TENANT_ID_` varchar(255) COLLATE utf8_bin DEFAULT '',
  PRIMARY KEY (`ID_`),
  KEY `ACT_FK_MODEL_SOURCE` (`EDITOR_SOURCE_VALUE_ID_`),
  KEY `ACT_FK_MODEL_SOURCE_EXTRA` (`EDITOR_SOURCE_EXTRA_VALUE_ID_`),
  KEY `ACT_FK_MODEL_DEPLOYMENT` (`DEPLOYMENT_ID_`),
  CONSTRAINT `ACT_FK_MODEL_DEPLOYMENT` FOREIGN KEY (`DEPLOYMENT_ID_`) REFERENCES `ACT_RE_DEPLOYMENT` (`ID_`),
  CONSTRAINT `ACT_FK_MODEL_SOURCE` FOREIGN KEY (`EDITOR_SOURCE_VALUE_ID_`) REFERENCES `ACT_GE_BYTEARRAY` (`ID_`),
  CONSTRAINT `ACT_FK_MODEL_SOURCE_EXTRA` FOREIGN KEY (`EDITOR_SOURCE_EXTRA_VALUE_ID_`) REFERENCES `ACT_GE_BYTEARRAY` (`ID_`)
) ENGINE=InnoDB DEFAULT CHARSET=utf8 COLLATE=utf8_bin;

-- ----------------------------
--  Records of `ACT_RE_MODEL`
-- ----------------------------
BEGIN;
INSERT INTO `ACT_RE_MODEL` VALUES ('1', '24', '请假流程', 'leave_process', null, '2018-03-14 20:40:26.484', '2018-04-06 19:17:02.000', '1', '{\"name\":\"请假流程\",\"description\":\"\",\"revision\":1}', '42513', '2', '2503', ''), ('2501', '2', 'new-process', 'processes', null, '2018-04-04 20:17:09.752', '2018-04-04 20:17:09.853', '1', '{\"name\":\"new-process\",\"description\":\"\",\"revision\":1}', null, '2502', null, '');
COMMIT;

-- ----------------------------
--  Table structure for `ACT_RE_PROCDEF`
-- ----------------------------
DROP TABLE IF EXISTS `ACT_RE_PROCDEF`;
CREATE TABLE `ACT_RE_PROCDEF` (
  `ID_` varchar(64) COLLATE utf8_bin NOT NULL,
  `REV_` int(11) DEFAULT NULL,
  `CATEGORY_` varchar(255) COLLATE utf8_bin DEFAULT NULL,
  `NAME_` varchar(255) COLLATE utf8_bin DEFAULT NULL,
  `KEY_` varchar(255) COLLATE utf8_bin NOT NULL,
  `VERSION_` int(11) NOT NULL,
  `DEPLOYMENT_ID_` varchar(64) COLLATE utf8_bin DEFAULT NULL,
  `RESOURCE_NAME_` varchar(4000) COLLATE utf8_bin DEFAULT NULL,
  `DGRM_RESOURCE_NAME_` varchar(4000) COLLATE utf8_bin DEFAULT NULL,
  `DESCRIPTION_` varchar(4000) COLLATE utf8_bin DEFAULT NULL,
  `HAS_START_FORM_KEY_` tinyint(4) DEFAULT NULL,
  `HAS_GRAPHICAL_NOTATION_` tinyint(4) DEFAULT NULL,
  `SUSPENSION_STATE_` int(11) DEFAULT NULL,
  `TENANT_ID_` varchar(255) COLLATE utf8_bin DEFAULT '',
  PRIMARY KEY (`ID_`),
  UNIQUE KEY `ACT_UNIQ_PROCDEF` (`KEY_`,`VERSION_`,`TENANT_ID_`)
) ENGINE=InnoDB DEFAULT CHARSET=utf8 COLLATE=utf8_bin;

-- ----------------------------
--  Records of `ACT_RE_PROCDEF`
-- ----------------------------
BEGIN;
INSERT INTO `ACT_RE_PROCDEF` VALUES ('process:1:2511', '1', 'http://www.activiti.org/processdef', null, 'process', '1', '2508', 'new-process.bpmn20.xml', 'new-process.process.png', null, '0', '1', '1', ''), ('process:2:2515', '1', 'http://www.activiti.org/processdef', null, 'process', '2', '2512', '请假流程.bpmn20.xml', '请假流程.process.png', null, '0', '1', '1', ''), ('process:3:5004', '1', 'http://www.activiti.org/processdef', null, 'process', '3', '5001', '请假流程.bpmn20.xml', '请假流程.process.png', null, '0', '1', '1', ''), ('process:4:12508', '1', 'http://www.activiti.org/processdef', null, 'process', '4', '12505', '请假流程.bpmn20.xml', '请假流程.process.png', null, '0', '1', '1', ''), ('process:5:12521', '1', 'http://www.activiti.org/processdef', null, 'process', '5', '12518', '请假流程.bpmn20.xml', '请假流程.process.png', null, '0', '1', '1', ''), ('process:6:30004', '1', 'http://www.activiti.org/processdef', null, 'process', '6', '30001', '请假流程.bpmn20.xml', '请假流程.process.png', null, '0', '1', '1', ''), ('process:7:37516', '1', 'http://www.activiti.org/processdef', null, 'process', '7', '37513', '请假流程.bpmn20.xml', '请假流程.process.png', null, '0', '1', '1', ''), ('process:8:42516', '1', 'http://www.activiti.org/processdef', null, 'process', '8', '42513', '请假流程.bpmn20.xml', '请假流程.process.png', null, '0', '1', '1', '');
COMMIT;

-- ----------------------------
--  Table structure for `ACT_RU_EVENT_SUBSCR`
-- ----------------------------
DROP TABLE IF EXISTS `ACT_RU_EVENT_SUBSCR`;
CREATE TABLE `ACT_RU_EVENT_SUBSCR` (
  `ID_` varchar(64) COLLATE utf8_bin NOT NULL,
  `REV_` int(11) DEFAULT NULL,
  `EVENT_TYPE_` varchar(255) COLLATE utf8_bin NOT NULL,
  `EVENT_NAME_` varchar(255) COLLATE utf8_bin DEFAULT NULL,
  `EXECUTION_ID_` varchar(64) COLLATE utf8_bin DEFAULT NULL,
  `PROC_INST_ID_` varchar(64) COLLATE utf8_bin DEFAULT NULL,
  `ACTIVITY_ID_` varchar(64) COLLATE utf8_bin DEFAULT NULL,
  `CONFIGURATION_` varchar(255) COLLATE utf8_bin DEFAULT NULL,
  `CREATED_` timestamp(3) NOT NULL DEFAULT CURRENT_TIMESTAMP(3),
  `PROC_DEF_ID_` varchar(64) COLLATE utf8_bin DEFAULT NULL,
  `TENANT_ID_` varchar(255) COLLATE utf8_bin DEFAULT '',
  PRIMARY KEY (`ID_`),
  KEY `ACT_IDX_EVENT_SUBSCR_CONFIG_` (`CONFIGURATION_`),
  KEY `ACT_FK_EVENT_EXEC` (`EXECUTION_ID_`),
  CONSTRAINT `ACT_FK_EVENT_EXEC` FOREIGN KEY (`EXECUTION_ID_`) REFERENCES `ACT_RU_EXECUTION` (`ID_`)
) ENGINE=InnoDB DEFAULT CHARSET=utf8 COLLATE=utf8_bin;

-- ----------------------------
--  Table structure for `ACT_RU_EXECUTION`
-- ----------------------------
DROP TABLE IF EXISTS `ACT_RU_EXECUTION`;
CREATE TABLE `ACT_RU_EXECUTION` (
  `ID_` varchar(64) COLLATE utf8_bin NOT NULL,
  `REV_` int(11) DEFAULT NULL,
  `PROC_INST_ID_` varchar(64) COLLATE utf8_bin DEFAULT NULL,
  `BUSINESS_KEY_` varchar(255) COLLATE utf8_bin DEFAULT NULL,
  `PARENT_ID_` varchar(64) COLLATE utf8_bin DEFAULT NULL,
  `PROC_DEF_ID_` varchar(64) COLLATE utf8_bin DEFAULT NULL,
  `SUPER_EXEC_` varchar(64) COLLATE utf8_bin DEFAULT NULL,
  `ACT_ID_` varchar(255) COLLATE utf8_bin DEFAULT NULL,
  `IS_ACTIVE_` tinyint(4) DEFAULT NULL,
  `IS_CONCURRENT_` tinyint(4) DEFAULT NULL,
  `IS_SCOPE_` tinyint(4) DEFAULT NULL,
  `IS_EVENT_SCOPE_` tinyint(4) DEFAULT NULL,
  `SUSPENSION_STATE_` int(11) DEFAULT NULL,
  `CACHED_ENT_STATE_` int(11) DEFAULT NULL,
  `TENANT_ID_` varchar(255) COLLATE utf8_bin DEFAULT '',
  `NAME_` varchar(255) COLLATE utf8_bin DEFAULT NULL,
  `LOCK_TIME_` timestamp(3) NULL DEFAULT NULL,
  PRIMARY KEY (`ID_`),
  KEY `ACT_IDX_EXEC_BUSKEY` (`BUSINESS_KEY_`),
  KEY `ACT_FK_EXE_PROCINST` (`PROC_INST_ID_`),
  KEY `ACT_FK_EXE_PARENT` (`PARENT_ID_`),
  KEY `ACT_FK_EXE_SUPER` (`SUPER_EXEC_`),
  KEY `ACT_FK_EXE_PROCDEF` (`PROC_DEF_ID_`),
  CONSTRAINT `ACT_FK_EXE_PARENT` FOREIGN KEY (`PARENT_ID_`) REFERENCES `ACT_RU_EXECUTION` (`ID_`),
  CONSTRAINT `ACT_FK_EXE_PROCDEF` FOREIGN KEY (`PROC_DEF_ID_`) REFERENCES `ACT_RE_PROCDEF` (`ID_`),
  CONSTRAINT `ACT_FK_EXE_PROCINST` FOREIGN KEY (`PROC_INST_ID_`) REFERENCES `ACT_RU_EXECUTION` (`ID_`) ON DELETE CASCADE ON UPDATE CASCADE,
  CONSTRAINT `ACT_FK_EXE_SUPER` FOREIGN KEY (`SUPER_EXEC_`) REFERENCES `ACT_RU_EXECUTION` (`ID_`)
) ENGINE=InnoDB DEFAULT CHARSET=utf8 COLLATE=utf8_bin;

-- ----------------------------
--  Records of `ACT_RU_EXECUTION`
-- ----------------------------
BEGIN;
INSERT INTO `ACT_RU_EXECUTION` VALUES ('12509', '1', '12509', null, null, 'process:4:12508', null, 'apply', '1', '0', '1', '0', '1', '2', '', null, null), ('12522', '2', '12522', null, null, 'process:5:12521', null, 'approve', '1', '0', '1', '0', '1', '2', '', null, null), ('20001', '2', '20001', null, null, 'process:5:12521', null, 'approve', '1', '0', '1', '0', '1', '2', '', null, null), ('22501', '2', '22501', null, null, 'process:5:12521', null, 'approve', '1', '0', '1', '0', '1', '2', '', null, null), ('22511', '2', '22511', null, null, 'process:5:12521', null, 'approve', '1', '0', '1', '0', '1', '2', '', null, null), ('25001', '2', '25001', null, null, 'process:5:12521', null, 'approve', '1', '0', '1', '0', '1', '2', '', null, null), ('25011', '2', '25011', null, null, 'process:5:12521', null, 'approve', '1', '0', '1', '0', '1', '2', '', null, null), ('25021', '2', '25021', null, null, 'process:5:12521', null, 'approve', '1', '0', '1', '0', '1', '2', '', null, null), ('25031', '2', '25031', null, null, 'process:5:12521', null, 'approve', '1', '0', '1', '0', '1', '2', '', null, null), ('32501', '2', '32501', null, null, 'process:6:30004', null, 'approve', '1', '0', '1', '0', '1', '2', '', null, null), ('35001', '2', '35001', null, null, 'process:6:30004', null, 'approve', '1', '0', '1', '0', '1', '2', '', null, null), ('37501', '2', '37501', null, null, 'process:6:30004', null, 'approve', '1', '0', '1', '0', '1', '2', '', null, null), ('40001', '2', '40001', null, null, 'process:7:37516', null, 'approve', '1', '0', '1', '0', '1', '2', '', null, null), ('42501', '2', '42501', null, null, 'process:7:37516', null, 'approve', '1', '0', '1', '0', '1', '2', '', null, null), ('42517', '2', '42517', null, null, 'process:8:42516', null, 'approve', '1', '0', '1', '0', '1', '2', '', null, null), ('45001', '2', '45001', null, null, 'process:8:42516', null, 'approve', '1', '0', '1', '0', '1', '2', '', null, null), ('47501', '2', '47501', null, null, 'process:8:42516', null, 'approve', '1', '0', '1', '0', '1', '2', '', null, null), ('50001', '2', '50001', null, null, 'process:8:42516', null, 'approve', '1', '0', '1', '0', '1', '2', '', null, null), ('52501', '2', '52501', null, null, 'process:8:42516', null, 'approve', '1', '0', '1', '0', '1', '2', '', null, null), ('7501', '2', '7501', null, null, 'process:3:5004', null, 'approve', '1', '0', '1', '0', '1', '2', '', null, null);
COMMIT;

-- ----------------------------
--  Table structure for `ACT_RU_IDENTITYLINK`
-- ----------------------------
DROP TABLE IF EXISTS `ACT_RU_IDENTITYLINK`;
CREATE TABLE `ACT_RU_IDENTITYLINK` (
  `ID_` varchar(64) COLLATE utf8_bin NOT NULL,
  `REV_` int(11) DEFAULT NULL,
  `GROUP_ID_` varchar(255) COLLATE utf8_bin DEFAULT NULL,
  `TYPE_` varchar(255) COLLATE utf8_bin DEFAULT NULL,
  `USER_ID_` varchar(255) COLLATE utf8_bin DEFAULT NULL,
  `TASK_ID_` varchar(64) COLLATE utf8_bin DEFAULT NULL,
  `PROC_INST_ID_` varchar(64) COLLATE utf8_bin DEFAULT NULL,
  `PROC_DEF_ID_` varchar(64) COLLATE utf8_bin DEFAULT NULL,
  PRIMARY KEY (`ID_`),
  KEY `ACT_IDX_IDENT_LNK_USER` (`USER_ID_`),
  KEY `ACT_IDX_IDENT_LNK_GROUP` (`GROUP_ID_`),
  KEY `ACT_IDX_ATHRZ_PROCEDEF` (`PROC_DEF_ID_`),
  KEY `ACT_FK_TSKASS_TASK` (`TASK_ID_`),
  KEY `ACT_FK_IDL_PROCINST` (`PROC_INST_ID_`),
  CONSTRAINT `ACT_FK_ATHRZ_PROCEDEF` FOREIGN KEY (`PROC_DEF_ID_`) REFERENCES `ACT_RE_PROCDEF` (`ID_`),
  CONSTRAINT `ACT_FK_IDL_PROCINST` FOREIGN KEY (`PROC_INST_ID_`) REFERENCES `ACT_RU_EXECUTION` (`ID_`),
  CONSTRAINT `ACT_FK_TSKASS_TASK` FOREIGN KEY (`TASK_ID_`) REFERENCES `ACT_RU_TASK` (`ID_`)
) ENGINE=InnoDB DEFAULT CHARSET=utf8 COLLATE=utf8_bin;

-- ----------------------------
--  Records of `ACT_RU_IDENTITYLINK`
-- ----------------------------
BEGIN;
INSERT INTO `ACT_RU_IDENTITYLINK` VALUES ('12515', '1', null, 'participant', 'tenant', null, '12509', null), ('12528', '1', null, 'participant', 'tenant', null, '12522', null), ('12531', '1', '部门经理', 'candidate', null, '12530', null, null), ('20007', '1', null, 'participant', 'tenant', null, '20001', null), ('20010', '1', '部门经理', 'candidate', null, '20009', null, null), ('22507', '1', null, 'participant', 'tenant', null, '22501', null), ('22510', '1', '部门经理', 'candidate', null, '22509', null, null), ('22517', '1', null, 'participant', 'tenant', null, '22511', null), ('22520', '1', '部门经理', 'candidate', null, '22519', null, null), ('25007', '1', null, 'participant', 'tenant', null, '25001', null), ('25010', '1', '部门经理', 'candidate', null, '25009', null, null), ('25017', '1', null, 'participant', 'tenant', null, '25011', null), ('25020', '1', '部门经理', 'candidate', null, '25019', null, null), ('25027', '1', null, 'participant', 'tenant', null, '25021', null), ('25030', '1', '部门经理', 'candidate', null, '25029', null, null), ('25037', '1', null, 'participant', 'tenant', null, '25031', null), ('25040', '1', '部门经理', 'candidate', null, '25039', null, null), ('32509', '1', null, 'participant', 'tenant', null, '32501', null), ('32512', '1', '部门经理', 'candidate', null, '32511', null, null), ('35009', '1', null, 'participant', 'tenant', null, '35001', null), ('35012', '1', '部门经理', 'candidate', null, '35011', null, null), ('37509', '1', null, 'participant', 'tenant', null, '37501', null), ('37512', '1', '部门经理', 'candidate', null, '37511', null, null), ('40002', '1', null, 'starter', 'tenant', null, '40001', null), ('40012', '1', '部门经理', 'candidate', null, '40011', null, null), ('42502', '1', null, 'starter', 'tenant', null, '42501', null), ('42512', '1', '部门经理', 'candidate', null, '42511', null, null), ('42518', '1', null, 'starter', 'tenant', null, '42517', null), ('42528', '1', '部门经理', 'candidate', null, '42527', null, null), ('45002', '1', null, 'starter', 'tenant', null, '45001', null), ('45012', '1', '部门经理', 'candidate', null, '45011', null, null), ('47502', '1', null, 'starter', 'tenant', null, '47501', null), ('47512', '1', '部门经理', 'candidate', null, '47511', null, null), ('50002', '1', null, 'starter', 'tenant', null, '50001', null), ('50012', '1', '部门经理', 'candidate', null, '50011', null, null), ('52502', '1', null, 'starter', 'tenant', null, '52501', null), ('52512', '1', '部门经理', 'candidate', null, '52511', null, null), ('7509', '1', '部门经理', 'candidate', null, '7508', null, null);
COMMIT;

-- ----------------------------
--  Table structure for `ACT_RU_JOB`
-- ----------------------------
DROP TABLE IF EXISTS `ACT_RU_JOB`;
CREATE TABLE `ACT_RU_JOB` (
  `ID_` varchar(64) COLLATE utf8_bin NOT NULL,
  `REV_` int(11) DEFAULT NULL,
  `TYPE_` varchar(255) COLLATE utf8_bin NOT NULL,
  `LOCK_EXP_TIME_` timestamp(3) NULL DEFAULT NULL,
  `LOCK_OWNER_` varchar(255) COLLATE utf8_bin DEFAULT NULL,
  `EXCLUSIVE_` tinyint(1) DEFAULT NULL,
  `EXECUTION_ID_` varchar(64) COLLATE utf8_bin DEFAULT NULL,
  `PROCESS_INSTANCE_ID_` varchar(64) COLLATE utf8_bin DEFAULT NULL,
  `PROC_DEF_ID_` varchar(64) COLLATE utf8_bin DEFAULT NULL,
  `RETRIES_` int(11) DEFAULT NULL,
  `EXCEPTION_STACK_ID_` varchar(64) COLLATE utf8_bin DEFAULT NULL,
  `EXCEPTION_MSG_` varchar(4000) COLLATE utf8_bin DEFAULT NULL,
  `DUEDATE_` timestamp(3) NULL DEFAULT NULL,
  `REPEAT_` varchar(255) COLLATE utf8_bin DEFAULT NULL,
  `HANDLER_TYPE_` varchar(255) COLLATE utf8_bin DEFAULT NULL,
  `HANDLER_CFG_` varchar(4000) COLLATE utf8_bin DEFAULT NULL,
  `TENANT_ID_` varchar(255) COLLATE utf8_bin DEFAULT '',
  PRIMARY KEY (`ID_`),
  KEY `ACT_FK_JOB_EXCEPTION` (`EXCEPTION_STACK_ID_`),
  CONSTRAINT `ACT_FK_JOB_EXCEPTION` FOREIGN KEY (`EXCEPTION_STACK_ID_`) REFERENCES `ACT_GE_BYTEARRAY` (`ID_`)
) ENGINE=InnoDB DEFAULT CHARSET=utf8 COLLATE=utf8_bin;

-- ----------------------------
--  Table structure for `ACT_RU_TASK`
-- ----------------------------
DROP TABLE IF EXISTS `ACT_RU_TASK`;
CREATE TABLE `ACT_RU_TASK` (
  `ID_` varchar(64) COLLATE utf8_bin NOT NULL,
  `REV_` int(11) DEFAULT NULL,
  `EXECUTION_ID_` varchar(64) COLLATE utf8_bin DEFAULT NULL,
  `PROC_INST_ID_` varchar(64) COLLATE utf8_bin DEFAULT NULL,
  `PROC_DEF_ID_` varchar(64) COLLATE utf8_bin DEFAULT NULL,
  `NAME_` varchar(255) COLLATE utf8_bin DEFAULT NULL,
  `PARENT_TASK_ID_` varchar(64) COLLATE utf8_bin DEFAULT NULL,
  `DESCRIPTION_` varchar(4000) COLLATE utf8_bin DEFAULT NULL,
  `TASK_DEF_KEY_` varchar(255) COLLATE utf8_bin DEFAULT NULL,
  `OWNER_` varchar(255) COLLATE utf8_bin DEFAULT NULL,
  `ASSIGNEE_` varchar(255) COLLATE utf8_bin DEFAULT NULL,
  `DELEGATION_` varchar(64) COLLATE utf8_bin DEFAULT NULL,
  `PRIORITY_` int(11) DEFAULT NULL,
  `CREATE_TIME_` timestamp(3) NULL DEFAULT NULL,
  `DUE_DATE_` datetime(3) DEFAULT NULL,
  `CATEGORY_` varchar(255) COLLATE utf8_bin DEFAULT NULL,
  `SUSPENSION_STATE_` int(11) DEFAULT NULL,
  `TENANT_ID_` varchar(255) COLLATE utf8_bin DEFAULT '',
  `FORM_KEY_` varchar(255) COLLATE utf8_bin DEFAULT NULL,
  PRIMARY KEY (`ID_`),
  KEY `ACT_IDX_TASK_CREATE` (`CREATE_TIME_`),
  KEY `ACT_FK_TASK_EXE` (`EXECUTION_ID_`),
  KEY `ACT_FK_TASK_PROCINST` (`PROC_INST_ID_`),
  KEY `ACT_FK_TASK_PROCDEF` (`PROC_DEF_ID_`),
  CONSTRAINT `ACT_FK_TASK_EXE` FOREIGN KEY (`EXECUTION_ID_`) REFERENCES `ACT_RU_EXECUTION` (`ID_`),
  CONSTRAINT `ACT_FK_TASK_PROCDEF` FOREIGN KEY (`PROC_DEF_ID_`) REFERENCES `ACT_RE_PROCDEF` (`ID_`),
  CONSTRAINT `ACT_FK_TASK_PROCINST` FOREIGN KEY (`PROC_INST_ID_`) REFERENCES `ACT_RU_EXECUTION` (`ID_`)
) ENGINE=InnoDB DEFAULT CHARSET=utf8 COLLATE=utf8_bin;

-- ----------------------------
--  Records of `ACT_RU_TASK`
-- ----------------------------
BEGIN;
INSERT INTO `ACT_RU_TASK` VALUES ('12514', '1', '12509', '12509', 'process:4:12508', '请假申请', null, null, 'apply', null, 'tenant', null, '50', '2018-04-05 17:37:31.811', null, null, '1', '', null), ('12530', '1', '12522', '12522', 'process:5:12521', '经理审批', null, null, 'approve', null, null, null, '50', '2018-04-05 17:38:22.866', null, null, '1', '', null), ('20009', '1', '20001', '20001', 'process:5:12521', '经理审批', null, null, 'approve', null, null, null, '50', '2018-04-05 18:58:57.070', null, null, '1', '', null), ('22509', '1', '22501', '22501', 'process:5:12521', '经理审批', null, null, 'approve', null, null, null, '50', '2018-04-05 19:06:11.467', null, null, '1', '', null), ('22519', '1', '22511', '22511', 'process:5:12521', '经理审批', null, null, 'approve', null, null, null, '50', '2018-04-05 19:06:30.998', null, null, '1', '', null), ('25009', '1', '25001', '25001', 'process:5:12521', '经理审批', null, null, 'approve', null, null, null, '50', '2018-04-05 19:10:09.862', null, null, '1', '', null), ('25019', '1', '25011', '25011', 'process:5:12521', '经理审批', null, null, 'approve', null, null, null, '50', '2018-04-05 19:10:12.196', null, null, '1', '', null), ('25029', '1', '25021', '25021', 'process:5:12521', '经理审批', null, null, 'approve', null, null, null, '50', '2018-04-05 19:10:14.318', null, null, '1', '', null), ('25039', '1', '25031', '25031', 'process:5:12521', '经理审批', null, null, 'approve', null, null, null, '50', '2018-04-05 19:10:15.451', null, null, '1', '', null), ('32511', '1', '32501', '32501', 'process:6:30004', '经理审批', null, null, 'approve', null, null, null, '50', '2018-04-06 18:09:45.004', null, null, '1', '', null), ('35011', '1', '35001', '35001', 'process:6:30004', '经理审批', null, null, 'approve', null, null, null, '50', '2018-04-06 18:23:19.617', null, null, '1', '', null), ('37511', '1', '37501', '37501', 'process:6:30004', '经理审批', null, null, 'approve', null, null, null, '50', '2018-04-06 18:28:54.878', null, null, '1', '', null), ('40011', '1', '40001', '40001', 'process:7:37516', '经理审批', null, null, 'approve', null, null, null, '50', '2018-04-06 18:36:42.615', null, null, '1', '', null), ('42511', '1', '42501', '42501', 'process:7:37516', '经理审批', null, null, 'approve', null, null, null, '50', '2018-04-06 18:38:34.459', null, null, '1', '', null), ('42527', '1', '42517', '42517', 'process:8:42516', '经理审批', null, null, 'approve', null, null, null, '50', '2018-04-06 19:17:36.480', null, null, '1', '', null), ('45011', '1', '45001', '45001', 'process:8:42516', '经理审批', null, null, 'approve', null, null, null, '50', '2018-04-06 19:19:34.667', null, null, '1', '', null), ('47511', '1', '47501', '47501', 'process:8:42516', '经理审批', null, null, 'approve', null, null, null, '50', '2018-04-06 19:21:15.978', null, null, '1', '', null), ('50011', '1', '50001', '50001', 'process:8:42516', '经理审批', null, null, 'approve', null, null, null, '50', '2018-04-06 19:24:11.807', null, null, '1', '', null), ('52511', '1', '52501', '52501', 'process:8:42516', '经理审批', null, null, 'approve', null, null, null, '50', '2018-04-06 19:32:45.356', null, null, '1', '', null), ('7508', '1', '7501', '7501', 'process:3:5004', '经理审批', null, null, 'approve', null, null, null, '50', '2018-04-05 16:53:06.059', null, null, '1', '', null);
COMMIT;

-- ----------------------------
--  Table structure for `ACT_RU_VARIABLE`
-- ----------------------------
DROP TABLE IF EXISTS `ACT_RU_VARIABLE`;
CREATE TABLE `ACT_RU_VARIABLE` (
  `ID_` varchar(64) COLLATE utf8_bin NOT NULL,
  `REV_` int(11) DEFAULT NULL,
  `TYPE_` varchar(255) COLLATE utf8_bin NOT NULL,
  `NAME_` varchar(255) COLLATE utf8_bin NOT NULL,
  `EXECUTION_ID_` varchar(64) COLLATE utf8_bin DEFAULT NULL,
  `PROC_INST_ID_` varchar(64) COLLATE utf8_bin DEFAULT NULL,
  `TASK_ID_` varchar(64) COLLATE utf8_bin DEFAULT NULL,
  `BYTEARRAY_ID_` varchar(64) COLLATE utf8_bin DEFAULT NULL,
  `DOUBLE_` double DEFAULT NULL,
  `LONG_` bigint(20) DEFAULT NULL,
  `TEXT_` varchar(4000) COLLATE utf8_bin DEFAULT NULL,
  `TEXT2_` varchar(4000) COLLATE utf8_bin DEFAULT NULL,
  PRIMARY KEY (`ID_`),
  KEY `ACT_IDX_VARIABLE_TASK_ID` (`TASK_ID_`),
  KEY `ACT_FK_VAR_EXE` (`EXECUTION_ID_`),
  KEY `ACT_FK_VAR_PROCINST` (`PROC_INST_ID_`),
  KEY `ACT_FK_VAR_BYTEARRAY` (`BYTEARRAY_ID_`),
  CONSTRAINT `ACT_FK_VAR_BYTEARRAY` FOREIGN KEY (`BYTEARRAY_ID_`) REFERENCES `ACT_GE_BYTEARRAY` (`ID_`),
  CONSTRAINT `ACT_FK_VAR_EXE` FOREIGN KEY (`EXECUTION_ID_`) REFERENCES `ACT_RU_EXECUTION` (`ID_`),
  CONSTRAINT `ACT_FK_VAR_PROCINST` FOREIGN KEY (`PROC_INST_ID_`) REFERENCES `ACT_RU_EXECUTION` (`ID_`)
) ENGINE=InnoDB DEFAULT CHARSET=utf8 COLLATE=utf8_bin;

-- ----------------------------
--  Records of `ACT_RU_VARIABLE`
-- ----------------------------
BEGIN;
INSERT INTO `ACT_RU_VARIABLE` VALUES ('12511', '1', 'string', 'reason', '12509', '12509', null, null, null, null, '老板，请假三天三夜！清明假期啊！', null), ('12512', '1', 'string', 'employee', '12509', '12509', null, null, null, null, 'tenant', null), ('12524', '1', 'string', 'reason', '12522', '12522', null, null, null, null, '老板，请假三天三夜！清明假期啊！', null), ('12525', '1', 'string', 'employee', '12522', '12522', null, null, null, null, 'tenant', null), ('20003', '1', 'string', 'reason', '20001', '20001', null, null, null, null, '老板，请假三天三夜！清明假期啊！', null), ('20004', '1', 'string', 'employee', '20001', '20001', null, null, null, null, 'tenant', null), ('22503', '1', 'string', 'reason', '22501', '22501', null, null, null, null, '老板，请假三天三夜！清明假期啊！', null), ('22504', '1', 'string', 'employee', '22501', '22501', null, null, null, null, 'tenant', null), ('22513', '1', 'string', 'reason', '22511', '22511', null, null, null, null, '老板，请假三天三夜！清明假期啊！1', null), ('22514', '1', 'string', 'employee', '22511', '22511', null, null, null, null, 'tenant', null), ('25003', '1', 'string', 'reason', '25001', '25001', null, null, null, null, '老板，请假三天三夜！清明假期啊！', null), ('25004', '1', 'string', 'employee', '25001', '25001', null, null, null, null, 'tenant', null), ('25013', '1', 'string', 'reason', '25011', '25011', null, null, null, null, '老板，请假三天三夜！清明假期啊！', null), ('25014', '1', 'string', 'employee', '25011', '25011', null, null, null, null, 'tenant', null), ('25023', '1', 'string', 'reason', '25021', '25021', null, null, null, null, '老板，请假三天三夜！清明假期啊！', null), ('25024', '1', 'string', 'employee', '25021', '25021', null, null, null, null, 'tenant', null), ('25033', '1', 'string', 'reason', '25031', '25031', null, null, null, null, '老板，请假三天三夜！清明假期啊！', null), ('25034', '1', 'string', 'employee', '25031', '25031', null, null, null, null, 'tenant', null), ('32503', '1', 'string', 'reason', '32501', '32501', null, null, null, null, '老板，请假三天三夜！清明假期啊！', null), ('32504', '1', 'null', 'endDate', '32501', '32501', null, null, null, null, null, null), ('32505', '1', 'string', 'employee', '32501', '32501', null, null, null, null, 'tenant', null), ('32506', '1', 'null', 'startDate', '32501', '32501', null, null, null, null, null, null), ('35003', '1', 'string', 'reason', '35001', '35001', null, null, null, null, '老板，请假三天三夜！清明假期啊！', null), ('35004', '1', 'date', 'endDate', '35001', '35001', null, null, null, '1523116800000', null, null), ('35005', '1', 'string', 'employee', '35001', '35001', null, null, null, null, 'tenant', null), ('35006', '1', 'date', 'startDate', '35001', '35001', null, null, null, '1522944000000', null, null), ('37503', '1', 'string', 'reason', '37501', '37501', null, null, null, null, '老板，请假三天三夜！清明假期啊！', null), ('37504', '1', 'date', 'endDate', '37501', '37501', null, null, null, '1523116800000', null, null), ('37505', '1', 'string', 'employee', '37501', '37501', null, null, null, null, 'tenant', null), ('37506', '1', 'date', 'startDate', '37501', '37501', null, null, null, '1522944000000', null, null), ('40004', '1', 'string', 'reason', '40001', '40001', null, null, null, null, '老板，请假三天三夜！清明假期啊！', null), ('40005', '1', 'date', 'endDate', '40001', '40001', null, null, null, '1523116800000', null, null), ('40006', '1', 'string', 'employee', '40001', '40001', null, null, null, null, 'tenant', null), ('40007', '1', 'date', 'startDate', '40001', '40001', null, null, null, '1522944000000', null, null), ('42504', '1', 'string', 'reason', '42501', '42501', null, null, null, null, '老板，请假三天三夜！清明假期啊！', null), ('42505', '1', 'date', 'endDate', '42501', '42501', null, null, null, '1523116800000', null, null), ('42506', '1', 'string', 'employee', '42501', '42501', null, null, null, null, 'tenant', null), ('42507', '1', 'date', 'startDate', '42501', '42501', null, null, null, '1522944000000', null, null), ('42520', '1', 'string', 'reason', '42517', '42517', null, null, null, null, '老板，请假三天三夜！清明假期啊！', null), ('42521', '1', 'date', 'endDate', '42517', '42517', null, null, null, '1523116800000', null, null), ('42522', '1', 'string', 'employee', '42517', '42517', null, null, null, null, 'tenant', null), ('42523', '1', 'date', 'startDate', '42517', '42517', null, null, null, '1522944000000', null, null), ('45004', '1', 'string', 'reason', '45001', '45001', null, null, null, null, '老板，请假三天三夜！清明假期啊！', null), ('45005', '1', 'date', 'endDate', '45001', '45001', null, null, null, '1523116800000', null, null), ('45006', '1', 'string', 'employee', '45001', '45001', null, null, null, null, 'tenant', null), ('45007', '1', 'date', 'startDate', '45001', '45001', null, null, null, '1522944000000', null, null), ('47504', '1', 'string', 'reason', '47501', '47501', null, null, null, null, '老板，请假三天三夜！清明假期啊！', null), ('47505', '1', 'date', 'endDate', '47501', '47501', null, null, null, '1523116800000', null, null), ('47506', '1', 'string', 'employee', '47501', '47501', null, null, null, null, 'tenant', null), ('47507', '1', 'date', 'startDate', '47501', '47501', null, null, null, '1522944000000', null, null), ('50004', '1', 'string', 'reason', '50001', '50001', null, null, null, null, '老板，请假三天三夜！清明假期啊！', null), ('50005', '1', 'date', 'endDate', '50001', '50001', null, null, null, '1523116800000', null, null), ('50006', '1', 'string', 'employee', '50001', '50001', null, null, null, null, 'tenant', null), ('50007', '1', 'date', 'startDate', '50001', '50001', null, null, null, '1522944000000', null, null), ('52504', '1', 'string', 'reason', '52501', '52501', null, null, null, null, '老板，请假三天三夜！清明假期啊！', null), ('52505', '1', 'date', 'endDate', '52501', '52501', null, null, null, '1523116800000', null, null), ('52506', '1', 'string', 'employee', '52501', '52501', null, null, null, null, 'tenant', null), ('52507', '1', 'date', 'startDate', '52501', '52501', null, null, null, '1522944000000', null, null), ('7503', '1', 'string', 'reason', '7501', '7501', null, null, null, null, '老板，请假三天三夜！', null), ('7504', '1', 'null', 'employee', '7501', '7501', null, null, null, null, null, null);
COMMIT;

SET FOREIGN_KEY_CHECKS = 1;
